job_id,source,company,title,location,description_head,label_is_tech,label_is_senior,label_location_class,label_sponsorship_block,label_min_years,label_note
919fc578-3092-426d-bd1d-d8e5d6175abb,ashby,knox-systems,Director of Channels,New York City,"## About Knox Knox runs the largest Federal and DoW managed cloud, building and operating secure cloud and AI environments that support the U.S. government’s most critical missions — from national security and public safety to essential public services. Our customers rely on Knox to deploy production systems that meet the highest standards for security, reliability, and compliance. Work at Knox",n,y,us,,,
168dfd63-0537-4ed3-a460-8d9cdcb0699a,greenhouse,goodfire,Security Operations Lead,"San Francisco, CA","## About Goodfire Goodfire is an AI interpretability research lab. We build interpretability agents and infrastructure to understand, monitor, and align AI models. We believe that AI is the most consequential technology of our time. Yet AI models are trained by trial and error today, with limited understanding of what drives their behavior. Our goal is to advance the research and technology neede",y,y,us,,,Security operations may be corporate rather than product security.
54758d7d-9939-4c04-ad0a-0a1fe9e9e85b,greenhouse,scaleai,"Engineering Manager, Global Public Sector","London, UK",Scale’s rapidly growing International Public Sector team is focused on using AI to address critical challenges facing the public sector around the world. Our core work consists of: - Creating custom AI applications that will impact millions of citizens - Generating high-quality training data for national LLMs - Upskilling and advisory services to spread the impact of AI Our Scale Generative AI Pl,n,y,non_us,,,
55c78282-6d64-4100-b1c0-e763004c570a,ashby,better-mortgage,Home Lending Associate,"Gurugram, Haryana","## Why Better. Why Now. Better is rebuilding home finance as an AI-native platform—turning a process that once took weeks into something that can happen in seconds. With over $110B in loans funded and $1.2B+ raised, we operate at real scale while rethinking how homeownership works from the ground up. The category hasn’t caught up yet. That’s the opportunity. ## A Better Opportunity We’re look",n,n,non_us,,,
32868ee6-c6a0-4a27-b063-a3e8a9b7ac1f,lever,cgsfederal,Records Management Specialist II,"Boston, MA","## Records Management Specialist II Employment Type: Full-Time, Mid-Level Department: Office Support CGS is seeking an experienced Records Management Specialist to provide administrative support for a large Federal agency initiative. CGS brings motivated, highly skilled, and creative people together to solve the government’s most dynamic problems with cutting-edge technology. To carry out our m",n,y,us,,,
1c7b72bc-315c-484c-be62-0fcd16d320be,greenhouse,databricks,"Sr. Forward Deployed Engineer (FDE) - Communications, Media, Entertainment & Games","Denver, Colorado","CSQ127R318 As a Forward Deployed Engineer (FDE) you will work with customers to build and productionize solutions to their data & AI challenges using the Databricks platform. You will own the architecture, lead design decisions, and implement end-to-end systems spanning data engineering, AI, and application development. We work cross-functionally to shape long-term strategic priorities and initia",y,y,us,,,
04c158b7-da6d-414b-9f03-d4a89ab88454,greenhouse,legendcareerseu,Ops Junior Expert,"Ghent, East Flanders, Belgium",## Ops Junior Expert Our Operations Team in Ghent is looking for a passionate CAR-T Operations Junior Expert. Do you want a meaningful job? Here you contribute to the fight against cancer every day! ## What Can You Expect? The role of a CAR-T Operations Junior Expert is exciting and challenging. Here's what you'll do: - Perform CAR-T process activities: You will accurately perform various step,n,n,non_us,,,
b1bf4e13-47c7-41b6-acda-4c067559226a,lever,lessen,Client Relationship Manager,"Chicago, IL","Lessen is the tech-enabled, end-to-end property service provider that is transforming how commercial and residential real estate services are delivered and managed at scale. Lessen’s technology platform provides data-driven insights that unlock key growth opportunities for the entire real estate ecosystem—including investors, owners, managers, and service providers. The company leverages a network",n,y,us,,,
272ad0e8-35c9-4e50-ad02-78f8589a0e95,ashby,aiuc,Founding Talent Partner,San Francisco,"## About AIUC AIUC builds standards and insurance for frontier AI. Our mission is to Underwrite superintelligence . We exist because risk, not capability, is becoming the binding constraint on AI being useful. History offers lessons for how to build confidence in new technology; electricity burned down houses until insurers funded Underwriters Laboratories (UL) to certify products against their s",n,n,us,,,
41d71172-bf97-409d-9f3f-1e029ba351d0,greenhouse,speechify,"Senior Software Engineer, Core Experiences - Boulder, CO, USA","Boulder, CO, USA","## Mission Speechify is the easiest way to listen to the world’s information. Articles on the web, documents in the cloud, books on your phone. We absorb it all and let you listen to it at your desk, on the go, at your own speed, and with tools that make learning easier, deeper, and faster. What streaming services have done for audio entertainment, we’re doing for audio information. And whatever",n,y,us,,,
02b170e3-f5df-4fcf-aefc-3a63335cb6fb,lever,scholarrock,"Senior Director, Chief Information Security Officer","Cambridge, MA","Scholar Rock is delivering muscle-targeted breakthroughs to transform the treatment of spinal muscular atrophy (SMA) and other rare neuromuscular diseases where muscle atrophy remains a critical unmet need. As a global leader in myostatin biology, a field focused on proteins that regulate muscle mass, the biopharmaceutical company is named for the visual resemblance of a scholar rock to protein s",n,y,us,,,
69088c65-e47e-4086-b22a-cbda1e1075be,workday,analogdevices.wd1.myworkdayjobs.com|analogdevices|External,"Associate Analyst, Supply Chain Planning","India, Gandhinagar","Come join Analog Devices (ADI) – a place where Innovation meets Impact. For more than 55 years, Analog Devices has been inventing new breakthrough technologies that transform lives. At ADI you will work alongside the brightest minds to collaborate on solving complex problems that matter from autonomous vehicles, drones and factories to augmented reality and remote healthcare. ADI fosters a cultur",n,n,non_us,,,
9824605b-3ac9-4e29-a894-b0024168d242,greenhouse,givedirectly,"Senior Manager, Programs (DRC) ","Goma, DRC ","GiveDirectly has delivered more than $1B in cash directly to 2+ million people living in poverty across 15 countries since 2011. We believe cash transfers are one of the most scalable, cost-effective, and dignified forms of aid, with the research to back it up. Our work has been covered by The Economist , NPR , TED , and The Washington Post . We are one of Time100’s Most Influential Companies of 2",n,y,non_us,,,
fd383db5-3530-4973-b3a5-43c6c60a7184,greenhouse,pinterest,"Sr. Machine Learning Engineer, Core Engineering ","San Francisco, CA, US; Palo Alto, CA, US; Seattle, WA, US","&lt;div class=&quot;content-intro&quot;&gt;&lt;p&gt;&lt;strong&gt;About Pinterest:&lt;/strong&gt;&lt;/p&gt; &lt;p&gt;Millions of people around the world come to our platform to find creative ideas, dream about new possibilities and plan for memories that will last a lifetime. At Pinterest, we’re on a mission to bring everyone the inspiration to create a life they love, and that starts with the peo",y,y,us,,,
204cde3a-d6f5-494a-8b34-87299da65259,ashby,bjakcareer,CEO Office - AI Neobank App,"Taipei, Taiwan","## About BJAK The original mission of BJAK is we believe people deserve smarter ways to plan, save and grow their money. This is the origin of our name. Started in 2019, we built the first mobile-first, insurance platform, enabling insurance to be accessible online by millions in the region. Today, its the leading insurance platform in Southeast Asia. Today, we are expanding ways to help people i",n,n,non_us,,,
9fd679e9-7927-4360-8adc-5c5a7cc14385,greenhouse,ardentmc,Recruiter,Remote,Ardent is seeking a Recruiter to join our team. This is a remote position. ## Position Description: Ardent is seeking a Recruiter with government contracting (GovCon) recruiting experience to support the full lifecycle recruitment of technical and professional talent supporting federal government programs. The Recruiter will partner closely with hiring managers and leadership to develop recruit,n,y,unknown,,,
767e2bae-dfac-47fa-b61e-35df8595d2b7,lever,usasurveyjob,Work at home Data Entry Clerk - Part Time,"Atlanta, Georgia",Earn at Home by Taking Polls - Data Entry Clerk - Work at Home & Part Time (Side Gig) We are looking for people who are motivated to participate in paid research across the country and local areas. Join this Work from Home USA Market Research Panel Today. You have two options when it comes to paid research : you can either take part in person or online. This is a great way for you to make extra,n,n,us,,,
4a3ea739-203a-4f7f-bd36-50bbfcb6f355,greenhouse,contentful,Senior Solution Engineer (f/m/d),"London, England, United Kingdom","## About The Opportunity Our Solution Engineers (f/m/d) are close partners of our sales team and own key components of the sales process, including infrastructural/architectural discovery, collaborative solution design, and technical validation. Solution Engineers may travel up to 50% of the time and will have the opportunity to work with teams worldwide, from visionary brands to innovative digit",y,y,non_us,,,Solutions engineering may be customer-facing sales engineering.
f6ef2e1c-6f78-4dbe-8d4b-fa5fd577da94,lever,jobgether,Forward Deployment Engineer (FDE),India,"This position is listed on behalf of a partner company, who manages all applications and next steps. Our partner is looking for a Forward Deployment Engineer (FDE) based in India. This role serves as a technical bridge between core engineering teams and enterprise clients, bringing advanced software, data platforms, and AI-driven solutions into complex production environments. You will lead techn",y,n,non_us,,,
8549b07d-2cb3-49bd-87a9-74c28a71e635,workday,medtronic.wd1.myworkdayjobs.com|medtronic|MedtronicCareers,Lead  Enterprise Software Engineer,"Nanakramguda, Hyderabad, India","At Medtronic you can begin a life-long career of exploration and innovation, while helping champion healthcare access and equity for all. You’ll lead with purpose, breaking down barriers to innovation in a more connected, compassionate world. ## A Day in the Life ## Responsibilities may include the following and other duties may be assigned: - Responsible for the development of new medical prod",y,y,non_us,,,
56872eef-7c7a-4304-ad79-4cf5d8206c71,greenhouse,brex,"Staff Software Engineer, Banking","New York, New York, United States","## Why join us Brex is the intelligent finance platform that enables companies to spend smarter and move faster in more than 200 markets. By combining global corporate cards and banking with intuitive spend management, bill pay, and travel software, Brex enables founders and finance teams to accelerate operations, gain real-time visibility, and control spend effortlessly. Brex’s AI-native automat",n,y,us,,,
ebf33f68-73f5-4837-b19c-28f192710139,lever,usasurveyjob,Work at Home Data Entry Agent - Part Time,"Philadelphia, Pennsylvania","Earn at Home by Taking Polls - Data Entry Clerk - Customer Service Rep - Work at Home & Part Time We are looking for people nationwide to participate in polls - Apply ASAP! We offer you the opportunity to earn extra income from home (teleworking) and also to decide your own participation schedule. At this job, you will be performing various tasks such as data entry, performing email response, re",n,n,us,,,
a7ac6a94-8279-4344-a3e9-922aef77d870,ashby,NPX,Senior Electrical Design Engineer (Coming Soon!),Ontario,"Future Opportunity Posting: We are proactively building a pool of qualified candidates for anticipated hiring needs. There is no immediate opening at this time, but candidates who align with our needs may be contacted as opportunities arise. ## 🌎 About Us NPX partners with nuclear utilities and new reactor projects to deliver innovative design engineering solutions that unlock performance. We co",n,n,unknown,,,Ontario alone is ambiguous between the Canadian province and the U.S. city.
76dba7bb-385c-4a7d-b78a-ba6c4643f231,greenhouse,speechify,"Senior Software Engineer, Windows/Desktop Applications - Lviv, Ukraine","Lviv, Ukraine","## Mission The mission of Speechify is to make sure that reading is never a barrier to learning. Over 50 million people use Speechify’s text-to-speech products to turn whatever they’re reading – PDFs, books, Google Docs, news articles, websites – into audio, so they can read faster, read more, and remember more. Speechify’s text-to-speech reading products include its iOS app, Android App, Mac Ap",n,y,non_us,,,
6fa0e176-ebd7-4279-bd53-40c6e4a17f3a,greenhouse,karbon,AppSec Engineer,"Austin, TX, United States; Chicago, IL, United States; Denver, CO, United States; Los Angeles, CA, United States; San Diego, CA, United States; San Francisco, CA, United States","## About Karbon Karbon is the global leader in AI-powered practice management software for accounting firms. We provide an award-winning cloud platform that helps tens of thousands of accounting professionals work more efficiently and collaboratively every day. With customers in 40 countries, we have grown into a globally distributed team across the US, Australia, New Zealand, Canada, the United",y,n,us,,,
618aad4f-c4c6-428a-aa61-0714f691b506,greenhouse,theweathercompany,"Senior Manager, Meteorological Technologies","Andover, MA","## About The Weather Company: The Weather Company is the world’s leading weather provider, helping people and businesses make more informed decisions and take action in the face of weather. Together with advanced technology and AI, The Weather Company’s high-volume weather data, insights, advertising, and media solutions across the open web help people, businesses, and brands around the world pre",n,y,us,,,
62c0d522-4bb9-4189-a2c9-43b9d2334e29,greenhouse,celonis,Staff Product Analytics Engineer,"Bangalore, India","Celonis is the trusted platform to industrialize Enterprise AI. At our core is the Celonis Context Model — which combines process data, business knowledge, and intelligence into a living digital twin of the enterprise that AI can actually understand, turning AI's operational blind spots into operational clarity. World's leading companies trust Celonis and its global ecosystem of partners to make t",y,n,non_us,,,
c49bc2cf-dfde-4817-9a9c-552aa4bd2c9e,lever,deltasands,Senior Information Security Analyst (TS/SCI),"Boulder, CO","Delta Solutions & Strategies is seeking a Senior Information Security Analyst to support United States Space Force Space Systems Command (SSC), Space Sensing (SN) activities in Boulder, Colorado. This position will provide cybersecurity, information assurance, Risk Management Framework, system authorization, security compliance, and classified mission-system support for Space Sensing. The selected",y,y,us,y,,
03897af6-7cae-411f-ab29-c711c2654f9f,ashby,anyone-ai,Biology Expert - AI Trainer (Turkey),Turkey,"- Location: Remote - Type: Contract / Part-time - Commitment: 20 hours per week - Compensation: Up to 40 USD / hr - Project duration: 2 months , with potential extension ## About the role We create high-quality STEM training data for frontier AI models used by leading AI labs to improve model reasoning in scientific domains. We are seeking experts in Biology to create challenging, deterministic",n,n,non_us,,,
3311a048-19d5-48b6-a482-821e60471d0d,greenhouse,medelitellc,Neurology Nurse Practitioner/Physician Assistant,"Danbury, CT","## Neurology Nurse Practitioner/Physician Assistant Location: Hamden and Danbury Schedule: Part-Time Salary per annum: $30,000 - $60,000 ## About Infinite Medical P.C. Infinite Medical P.C. is a nationwide network of advanced practice providers and specialty clinicians committed to delivering high-quality, proactive care directly to residents in skilled nursing and long-term care facilities. Ou",n,n,us,,,
a911e5ee-25c7-4dd1-b862-0720072098ff,greenhouse,ogilvy,Digital Intelligence & Data Analyst - Coca-Cola Intel Team (3 month Contract),"Johannesburg, GP, South Africa","## About Ogilvy Ogilvy has been creating impact for brands through iconic, culture-changing, value-driving ideas since the company was founded by David Ogilvy more than 75 years ago. It builds on that rich legacy through Borderless Creativity—innovating at the intersection of intelligence, imagination and influence, with experts across advertising, sports & entertainment, PR & social, consulting,",n,n,non_us,,,
4ea80ad7-03db-49ab-9d8d-5bae57766f93,ashby,blank-metal,AI Engineer,"Minneapolis, MN","## About Blank Metal Blank Metal is an AI-native engineering company that partners with enterprises to deliver production AI fast. We blend strategic insight with hands-on execution, shipping high-impact systems that turn AI initiatives into measurable business results. We're builders, not theorists. Our team of seasoned engineers, designers, and strategists work across industries to create AI a",y,n,us,,,
bdb67b9e-fbce-456f-9a5f-30b69bcab29c,lever,life,Data Engineer,"Edmond, OK","The YouVersion Data Engineer will develop and build data pipelines and ETL (Extract, Transform, Load) that lead to increased engagement and growth through the Bible App across the globe. The YouVersion Data Engineer role will work across technical teams within the organization, including but not limited to Cyber Security, Core Services and Software Engineers on Product teams. The Data Engineer wil",y,n,us,,,
097e65b3-9746-4199-ad52-97b3e8723a89,greenhouse,autotradercanada,Senior Platform Engineer,"Toronto, ON (Canada) ","We are a Canadian leader in digital automotive solutions. Our flagship brands — AutoTrader.ca , AutoSync , Dealertrack Canada and CMS — help Canadians buy, sell, and finance vehicles with confidence. AutoTrader.ca is Canada’s largest automotive marketplace, with over 25 million monthly visits . Through AutoSync , we provide software solutions to 3,500+ dealers , streamlining their operations, mar",n,y,non_us,,,
334f7a73-5250-4e31-ad8b-b00e04a0e266,greenhouse,faradayfuture,AI IT Infrastructure Director ,"El Segundo, California, United States","## The Company: Faraday Future (FF) is a California-based mobility company, leveraging the latest technologies and world’s best talent to realize exciting new possibilities in mobility. We’re producing user-centric, technology-first vehicles to establish new paradigms in human-vehicle interaction. We’re not just seeking to change how our cars work – we’re seeking to change the way we drive. At FF",n,y,us,,,
4d2af1d9-ec6e-48c4-b323-81169ef956de,greenhouse,octus,DevOps Engineer ,"New York, New York, United States","## Octus Octus is a leading global provider of credit intelligence, data, and analytics. Since 2013, tens of thousands of professionals across hedge fund, investment banking, management consulting, and law firm verticals have come to rely on Octus to make better, faster, and more confident decisions in pace with the fast-moving credit markets. For more information, visit: https://octus.com/ ## W",y,y,us,,,
568937be-9bd4-47e7-a051-a3580c145d52,greenhouse,canonical,Graduate HR Generalist - APAC,Home Based - APAC,"Canonical is a leading provider of open source software and operating systems to the global enterprise and technology markets. Our platform, Ubuntu, is very widely used in breakthrough enterprise initiatives such as public cloud, data science, AI, engineering innovation and IoT. Our customers include the world's leading public cloud and silicon providers, and industry leaders in many sectors. The",n,n,non_us,,,
c252a1cb-fb32-4673-8622-22ccf84395c3,lever,vohra,"Geriatrician - Gainesville, GA","Gainesville, GA","## Geriatrician Position with National Wound Physician Group Clinical satisfaction, autonomy and flexibility, work-life balance No Nights, No Call, No Weekend Clinical Responsibilities Become an expert in wound management , learn from highly qualified wound-certified physician trainers and Fellowship Directors. Utilize cutting-edge clinical technologies and the latest wound care modalities. •",n,n,us,,,
67443c62-e1ca-472a-9fde-50b0d79432d4,greenhouse,speechify,"Senior Software Engineer, Core Experiences - Riverside, CA, USA","Riverside, CA, USA","## Mission Speechify is the easiest way to listen to the world’s information. Articles on the web, documents in the cloud, books on your phone. We absorb it all and let you listen to it at your desk, on the go, at your own speed, and with tools that make learning easier, deeper, and faster. What streaming services have done for audio entertainment, we’re doing for audio information. And whatever",y,y,us,,,
eb448f67-54ba-4941-96a8-c337098aaead,greenhouse,sharkninjaoperatingllc,"Senior Director, AI Engineering Transformation","Needham, MA, United States","About Us SharkNinja is a global product design and technology company, with a diversified portfolio of 5-star rated lifestyle solutions that positively impact people’s lives in homes around the world. Powered by two trusted, global brands, Shark and Ninja , the company has a proven track record of bringing disruptive innovation to market and developing one consumer product after another has allow",y,y,us,,,
4a1556be-977f-4b74-aa74-023f0065fbda,greenhouse,nflcareers,Seasonal Part-Time Utility,"Inglewood, California, United States","As a member of the stage crew the Utility position performs a wide range of tasks in support of the overall program production process. Under supervision of the Stage Manager, Director, and Operations team, Utilities work with technical staff to satisfy production needs for live, taped, and automated programming. ## Responsibilities - Moving large set pieces and monitors during stage resets - Mo",n,n,us,,,
69f57983-d10b-4798-8635-653bc2c0a473,greenhouse,langanengineeringandenvironmentalservicesllc,Project Geotechnical Engineer/Project Manager,"Chicago, IL","Langan provides expert land development engineering and environmental consulting services for major developers, renewable energy producers, energy companies, corporations, healthcare systems, colleges/universities, and large infrastructure programs throughout the U.S. and around the world. Our employees collaborate seamlessly among 40+ offices and gain valuable hands-on experience that fosters car",n,y,us,,,
2028f8d4-3093-4d02-9546-7389706ae045,greenhouse,stone,Agente Stone - Consultor(a) Comercial Externo | Zona  Sul/RJ,"Rio De Janeiro, Rio De Janeiro, Brasil","## Sobre a Stone: Somos muito mais do que uma empresa de maquininhas! A Stone é uma empresa de tecnologia e serviços financeiros focada no(a) cliente. Nascemos com o propósito de ser protagonistas na transformação da indústria de pagamentos, servindo o(a) empreendedor(a) brasileiro(a) e transformando seus sonhos em resultados. Somos a maior empresa independente de meios de pagamentos do Brasil,",n,n,non_us,,,
936e9abd-5dc5-45df-9d94-024045bbfb49,ashby,bjakcareer,Lead Engineer (Taiwan),"Taipei, Taiwan","## About BJAK The original mission of BJAK is we believe people deserve smarter ways to plan, save and grow their money. This is the origin of our name. Started in 2019, we built the first mobile-first, insurance platform, enabling insurance to be accessible online by millions in the region. Today, its the leading insurance platform in Southeast Asia. Today, we are expanding ways to help people",y,y,non_us,,,Engineer title lacks a specific technical discipline.
1ad1a649-00b5-4997-8737-22f98bfaea0e,greenhouse,olsson,Assistant Rail Structures Engineer,"Omaha, NE","## Company Description We are Olsson. We engineer and design solutions that improve the world around us. As a company, we promise to always be responsive, transparent, and focused on results – for our people, our clients, and our company. We’re a people-centric firm, so it’s no surprise our greatest asset is our people. The impact this creates is an environment that encourages our people to grow",n,n,us,,,
d393f40b-7deb-4e47-b2ec-73eeae6302d9,lever,lifestance,Clinical Psychologist (Child or Adult),"Medfield, MA","At LifeStance Health, we believe in a truly healthy society where mental and physical healthcare are unified to make lives better. Our mission is to help people lead healthier, more fulfilling lives by improving access to trusted, affordable, and personalized mental healthcare. Everywhere. Every day. It’s a lofty goal; we know. But we make it happen with the best team in behavioral health. Thank",n,n,us,,,
5890f7c5-b47e-4832-a696-525a8e9d368d,greenhouse,btgpactual,Engenheiro de Software Java Sênior |  IT Offshore Platform,"São Paulo, Brazil","Sobre a área: A IT Offshore Platform é responsável pelo middleware estratégico que sustenta as operações Offshore do banco. É por aqui que passam os processos de início de dia das corretoras, a padronização e a propagação de dados para os sistemas críticos da cadeia — risco, compliance, financeiro, comissões, contábil e front. O desafio central do time é absorver a complexidade de múltiplos parc",y,y,non_us,,,
4b488113-72ba-4f9f-8346-aab065c2669c,ashby,nord-security,Senior Data Engineer | Threat Protection ,Poland,"## The world’s most advanced VPN, and a whole lot more. If you’re a curious problem-solver who carves their own path, join the team behind Threat Protection Pro, the NordLynx protocol, and the fastest VPN on the planet—tools that put privacy, security, and control back in people’s hands. Your impact? Helping millions take back control of their online security, privacy, and data. The Threat Prot",y,y,non_us,,,
6d764d81-c0c5-4cc0-b7c8-7be994b33af0,greenhouse,pulse,Locum Band 6/7 Adult Audiologist - Falkirk,Falkirk,"Job Title: Adult Audiologist Banding: Band 6/7 Location: Falkirk Start Date: ASAP Duration: Ongoing Hourly Rate: £26.00 – £34.00 (depending on banding and experience) Working Hours: Full-time We are currently seeking a skilled Band 6 or Band 7 Audiologist to join our client in Falkirk. This is a full-time, ongoing position offering an excellent opportunity to contribute to a high‑quality adult au",n,n,non_us,,,
5474b48b-cd4c-4baa-8636-fae2beda0f35,ashby,legionhealth,Staff Psychiatric Mental Health Nurse Practitioner (PMHNP) — Remote | Telehealth | Full-Time or Part-Time | Mississippi,Remote,## [We show compassion to heal minds.] ## 🧠 About Legion Health Legion Health is a technology-forward psychiatry company delivering world-class outpatient mental health care while expanding access for patients through insurance. We are seeking exceptional Psychiatric Mental Health Nurse Practitioners (PMHNPs) across the United States who are passionate about evidence-based psychiatry and want t,n,n,us,,,
5a945543-8b13-4440-b7d8-d10b0253c224,greenhouse,nintendo,CONTRACT - Gameplay Software Engineer ,"Redmond, WA","## Nintendo Software Technology Corporation Nintendo Software Technology Corporation, based in Redmond, Washington , is a wholly owned subsidiary of the world's largest manufacturer and marketer of video games, Nintendo Co., Ltd., headquartered in Kyoto, Japan. Nintendo Software Technology's mission is to design, develop and deliver the very best video games. We conduct research, use state-of-the",y,n,us,,,
11511325-978c-40cc-b4a5-78e2389e92f2,greenhouse,fastly,"Senior Manager, Engineering - Platform Security","Denver, CO; New York City, NY; San Francisco, CA","Fastly helps people stay better connected with the things they love. Fastly’s edge cloud platform enables customers to create great digital experiences quickly, securely, and reliably by processing, serving, and securing our customers’ applications as close to their end-users as possible — at the edge of the Internet. The platform is designed to take advantage of the modern internet, to be program",y,y,us,,,
651a833d-5443-4054-8913-fa21e1903bfe,greenhouse,stonepatrocina,Consultor(a) Comercial Externo - Vaga Exclusiva para Pessoas com Deficiência (PcD) | Florianópolis/SC,"Florianopolis, Santa Catarina, Brasil","## Sobre a Stone: Somos muito mais do que uma empresa de maquininhas! A Stone é uma empresa de tecnologia e serviços financeiros focada no(a) cliente. Nascemos com o propósito de ser protagonistas na transformação da indústria de pagamentos, servindo o(a) empreendedor(a) brasileiro(a) e transformando seus sonhos em resultados. Somos a maior empresa independente de meios de pagamentos do Brasil,",n,n,non_us,,,
6035ba31-f91f-45ad-9a82-c1fff60b96e0,greenhouse,talkdesk2,Enterprise Account Executive - DACH,Germany,"## What is an Enterprise Account Executive at Talkdesk… As an Enterprise Account Executive at Talkdesk, you will be responsible for pipeline generation across: SDR, Channel Partners, Marketing and Self-generation, targeting entities with 1000+ employees that are aligned to your region. We are looking for a driven, motivated and ambitious Enterprise Account Executives. Someone who will proactivel",n,n,non_us,,,
107036b1-a406-4b3b-a9e5-1d210dc07e89,amazon,amazon,Sr. Software Development Engineer,"New York, New York, USA","## Description The AWS Commerce Platform provides the back and front-end services that enable AWS customers to purchase AWS services and understand and manage their infrastructure costs. Come to join our team to tackle some of the hardest scalability, performance, and distributed computing challenges in the world. We process trillions of events per month using stream processing techniques (Kinesi",y,y,us,,,
4ce4b64c-7ce8-4629-9f75-7ac0b5c7701a,greenhouse,orenda,"Principal Engineer, Asset Management","New York, New York, United States","## Company Orenda is on a mission to make the grid more efficient with renewable energy projects and proprietary asset management technology. We develop, build, own and operate battery energy storage projects in dense urban environments to bridge the gap between renewables and electricity consumption. We are a dynamic, NYC-based company at the forefront of a new industry. We are seeking highly m",n,y,us,,,
cb40840a-8302-49cc-a604-46b6547a9629,greenhouse,equipmentsharecom,T3 Technology Support,"Kansas City, KS (T3)","## Future T3 Technology Support Opportunity with EquipmentShare! ## EquipmentShare is accepting applications for future T3 Technology Support openings in the Kansas City, KS area. EquipmentShare is searching for a T3 Technology Support Associate I for our corporate office in Columbia, MO, to support our team as the department continues to grow. ## JOB SUMMARY The primary responsibility of the",n,n,us,,,"Technology support role, not clearly engineering."
4cb4b385-bad2-4701-8741-295a127de7dd,greenhouse,mrbeastyoutube,Senior Application Security & DevSecOps Engineer,"NYC, SF, Chicago or Greenville, NC","## About Us Beast Industries is a multifaceted media and entertainment company founded by Jimmy Donaldson, popularly known as MrBeast, the most watched person in the world. Renowned for revolutionizing digital content creation, Beast Industries encompasses a diverse portfolio of ventures that extend far beyond its origins on YouTube. With a mission to entertain, inspire, and create significant so",y,y,us,,,
ffa8a557-83ce-4f29-895e-7bdb4326cd11,lever,Yassir,AI Product Manager,"Algiers, Algeria","## About Yassir Yassir is the leading super App for on demand, ride-hailing, last-mile delivery, payment services and more, set to change the way daily services are provided. It currently operates in 45 cities across multiple countries. It has already raised $150 million in Series B funding, five times what it raised in its previous round. The raise was with world class investors such as BOND and",n,n,non_us,,,
ed44e218-70b1-4c14-9ba2-8dbc1354813e,greenhouse,commercetools,Senior Search Backend Engineer,"Valencia, Spain (Hybrid)","## About commercetools Real innovation starts with a strong foundation, and at commercetools, that comes from the perfect balance of our product and our people. Behind every leap forward is a collective of builders, explorers, doers, makers, and problem-solvers.The kind of people who not only pioneered a more flexible approach to commerce architecture but also shaped the culture of experimentati",n,y,non_us,,,
dd384e61-ab66-4eae-990c-14098dfafd5e,greenhouse,databricks,Sr. Software Engineer - Observability,"Bengaluru, India","P-1394 At Databricks, we are passionate about enabling data teams to solve the world's toughest problems — from making the next mode of transportation a reality to accelerating the development of medical breakthroughs. We do this by building and running the world's best data and AI infrastructure platform so our customers can use deep data insights to improve their business. Founded by engineers",y,y,non_us,,,
141be1eb-b717-4b07-adfc-a7a292f22b4f,ashby,bjakcareer,Product Manager - AI Stockbroking,"Taipei, Taiwan","## About BJAK The original mission of BJAK is we believe people deserve smarter ways to plan, save and grow their money. This is the origin of our name. Started in 2019, we built the first mobile-first, insurance platform, enabling insurance to be accessible online by millions in the region. Today, its the leading insurance platform in Southeast Asia. Today, we are expanding ways to help people i",n,n,non_us,,,
2a2c6825-a969-49ec-9d21-e3ba497a73e8,greenhouse,samsungsemiconductor,"Staff Engineer, Memory Systems Architecture","San Jose, California, United States","Please Note: To provide the best candidate experience amidst our high application volumes, each candidate is limited to 10 applications across all open jobs within a 6-month period. Advancing the World’s Technology Together Our technology solutions power the tools you use every day--including smartphones, electric vehicles, hyperscale data centers, IoT devices, and so much more. Here, you’ll ha",n,y,us,,,Hardware/memory-systems engineering rather than software.
a6212e42-5a3f-445c-8199-8647f152e897,lever,vohra,Internal Medicine Physician - Rochester MN,"Rochester, MN","## Internal Medicine Physician Position with National Wound Physician Group Clinical satisfaction, autonomy and flexibility, work-life balance No Nights, No Call, No Weekend Clinical Responsibilities Become an expert in wound management , learn from highly qualified wound-certified physician trainers and Fellowship Directors. Utilize cutting-edge clinical technologies and the latest wound care",n,n,us,,,
0a4035ed-8129-463b-af01-e302c751e8c7,greenhouse,podium81,Customer Success Manager - AI Platform,"Melbourne, Australia","At Podium, we bring AI Employees to local businesses that turn every conversation into revenue. Trusted by 60,000+ businesses across Auto, Home Services, and Aesthetics, Podium captures and converts leads 24/7, driving both new business and repeat customers. In under 24 months, we crossed $100M in AI Agent ARR, scaling 300% year-over-year. During this time, we’ve deployed 10,000 AI employees to e",n,y,non_us,,,
c3116c87-4ed5-4a13-8edd-d7f817407536,lever,walkerconsultants,Structural Engineer (Mid-Senior Level),"Seattle, WA",Please note: This role is targeted for a Q3/4 hiring timeline. We are proactively accepting applications and engaging with interested candidates in advance. Walker Consultants is seeking a talented and motivated Structural Engineer to join our growing Structural Engineering team! This is an exciting opportunity for a mid-senior level professional with experience in both new design and restoration,n,y,us,,,
8a9501d2-fe39-4818-af67-6c2e7eb85614,lever,usasurveyjob,Remote Data Entry Clerk - Work at Home,"Houston, Texas","Earn cash at Home by Participating in Paid Studies - Data Entry agent - Customer Service Agent - Part-time We are seeking people across the country to join paid surveys - Apply ASAP! We provide you the chance to make extra income from home (remotely) and also to choose your own participation schedule. At this task, you will be executing various jobs such as data entry, executing email response,",n,n,us,,,
3d1bf6f5-e539-4d26-9064-eb95d5407ee9,lever,bluelightconsulting,"DevOps / SRE / DevSecOps Engineer (AWS) -  Latin America, Remote","Fortaleza, Ceará, Brazil","Bluelight is a leading software consultancy dedicated to designing and developing innovative technology that enhances users' lives. With a steadfast commitment to delivering exceptional service to our clients, Bluelight excels in its focus on quality and customer satisfaction. Our mission is not only to create cutting-edge applications but also to foster a collaborative and enriching work environm",y,n,non_us,,,
20ae590c-03a0-4587-a352-44297b842faa,greenhouse,gropyus,Staff Platform Engineer (all genders),"Berlin, Berlin, Germany","## About The Company GROPYUS is a technology-based construction company focused on building multi-story residential buildings. Thanks to its prefabricated building system with various design options, industrial offsite construction, and fully digitalized processes, the company manufactures aspirational, sustainable, and affordable homes using timber construction methods. GROPYUS is using scalable",y,y,non_us,,,
c618f1ac-7a0b-41cb-9441-b0e09c7d520f,lever,mactores,AWS DevOps Engineer (Freelancer),"Mumbai, MH","Mactores is the agent-native AWS modernization firm. Most modernization work doesn't ship, it stalls in pilots, slips a year, or lands at three times the budget. We exist to ship it: production systems running, legacy retired, outcomes measured. Our delivery is built on Aedeon, the agent platform built by Mactores' founders' sister company, which absorbs the repetitive 60–70% of engagement work, d",y,n,non_us,,,
17d1996b-e2bd-4d33-a5d7-cef0b8a189eb,greenhouse,figureai,Data Strategy Associate,"San Jose, CA","Figure is an AI Robotics company developing a general purpose humanoid. Our Humanoid is designed for corporate tasks targeting labor shortages and jobs that are undesirable or unsafe. We are based in San Jose, CA and require 5 days/week in-office collaboration. We are looking for a Data Strategy Associate for the Robot Data Collection team. You will be responsible for orchestrating the end-to-end",n,n,us,,,"Data strategy appears business-facing, not data engineering."
09c2ffa3-ca60-4585-8e59-09a39437a6c1,lever,ableserve,Building Engineer,"New York, NY","The Engineer is responsible for engineering operations within the facility, including maintenance, repair, and performance of mechanical, electrical, and plumbing systems. This role leads the engineering team, ensures compliance with safety and regulatory standards, and maintains efficient building operations. ## Pay: $53.01 The pay listed is the salary range for this position. Any specific offe",n,n,us,,,
2a4efefb-73d1-49fa-b9ce-8919750efe25,greenhouse,bayada,Fitness Specialist,"Richmond, VA 23238 | 37.607572348 | -77.617371376","BAYADA Home Health Care is currently seeking an experienced Per Diem Fitness Specialist to lead scheduled exercise classes designed to develop and maintain positive fitness levels for residents in a Senior Living Community (Assisted Living Facilities and Independent Living Facilities) in Richond, VA . This will be covering one class per week. As a member of our Senior Living Team, you will be an i",n,n,us,,,
5c1bdb08-05a8-42ab-afc4-7ab55c0d88c8,ashby,alpacahealth,Registered Behavior Technician (RBT),"Centennial, CO","Alpaca Health Work Location: In Person If you want work that challenges you, changes lives, and builds a real career, this is it. For many of our roles you don’t need your RBT certification to apply. What matters most is that you love working with kids, you’re dependable, and you’re ready to show up. Some roles do require an active certification, but if you’re not certified yet, we’ll help you f",n,n,us,,,
5a627e64-2582-4000-9852-691546cbbbbf,amazon,amazon,"Software Development Engineer, International Emerging Stores Sub-same Day","Bellevue, Washington, USA","## Description Do you want to shape how fast Amazon can deliver to hundreds of millions of customers? The Sub-Same-Day (SSD) team builds the technology behind Amazon's fastest delivery promises across India and Emerging Marketplaces — getting orders to customers in hours, not days. We're looking for a Software Development Engineer II who wants to own high-scale, low-latency systems that directly",y,y,us,,,
2f7e2c22-98ef-4631-950f-d1f5ea6d17e9,greenhouse,speechify,"Senior Software Engineer, Core Experiences - Seattle, WA, USA","Seattle, WA, USA","## Mission Speechify is the easiest way to listen to the world’s information. Articles on the web, documents in the cloud, books on your phone. We absorb it all and let you listen to it at your desk, on the go, at your own speed, and with tools that make learning easier, deeper, and faster. What streaming services have done for audio entertainment, we’re doing for audio information. And whatever",y,y,us,,,
7cdcba61-bceb-4a65-acf4-2944a81fef12,ashby,eisen,Head of Finance,New York City,"Eisen manages regulated compliance operations for a rapidly growing roster of financial institutions, and our finance function needs to grow up with it. We're looking for our first Head of Finance: someone who owns the numbers end to end, from the monthly close through the board deck, and builds the financial infrastructure to take us from 50 customers to well past 100. This is a builder-first ro",n,y,us,,,
163277f1-f803-41f7-bd1e-70d54b144e73,greenhouse,westernveterinarypartnersllc,Cicero Animal Clinic - Associate Veterinarian ,"Brewerton, NY","## Associate Veterinarian (DVM) – Cicero Animal Clinic | Brewerton, NY ## Grow Your Career with Exceptional Mentorship and Work-Life Balance Cicero Animal Clinic is seeking an Associate Veterinarian (DVM) to join our well-established, multi-species practice in Brewerton, New York. For more than 25 years, we've provided compassionate, high-quality care to dogs, cats, exotics, and pocket pets whil",n,n,us,,,
a369aee0-292f-4b8c-91b2-2f9025323ce8,greenhouse,crunchyroll,"Senior IT Engineer, SaaS Applications","Los Angeles, California, United States","## About Crunchyroll Founded by fans, Crunchyroll delivers the art and culture of anime to a passionate community. We super-serve over 100 million anime and manga fans across 200+ countries and territories, and help them connect with the stories and characters they crave. Whether that experience is online or in-person, streaming video, theatrical, games, merchandise, events and more, it’s powered",y,y,us,,,
5b554f81-4202-4c7a-bc4a-4bf552964eff,greenhouse,dlrgroup,Structural Engineer,"Charlotte, North Carolina, United States","DLR Group is an integrated design firm with a promise to elevate the human experience through design. This fuels the work we do around the world and inspires our mission to improve the lives of our clients, our communities, and our planet. If this sparks your interest, you’re in the right place. The Engineering team has an opening for a Structural Engineer. ## Position Summary As s Structural E",n,n,us,,,
21dff72a-aaf0-4a97-bdc1-a5b9c62acfa5,lever,amityfdn,Data Clerk - HDSP,"475-750 Rice Canyon Rd., Susanville, CA 96127","Amity Foundation, an internationally acclaimed Teaching, and Therapeutic Community is seeking compassionate and enthusiastic individuals with a desire to teach, learn and join our community as a Data Clerk. This groundbreaking opportunity will allow you to work with our prison and re-entry programs helping the community and will also enhance your training and experience in the field. About Amity:",n,n,us,,,
fc252e27-deb8-4bb0-9b9b-a910a0391c26,lever,usasurveyjob,Work at Home Data Entry Agent - Part Time,"Sarnia, Ontario","Earn at Home by Taking Polls - Data Entry Clerk - Customer Service Rep - Work at Home & Part Time We are looking for people nationwide to participate in polls - Apply ASAP! We offer you the opportunity to earn extra income from home (teleworking) and also to decide your own participation schedule. At this job, you will be performing various tasks such as data entry, performing email response, re",n,n,non_us,,,
a975ea59-b38d-438d-b244-7a531f0c4061,lever,syntronic,Intermediate Full Stack Developer,"Kanata, ON","Join Syntronic: Where Your Innovation Shapes the Future At Syntronic, we don't just follow industry trends—we set them! Join us in partnering with visionary companies and the brightest minds to turn ground-breaking ideas into reality. Imagine working on cutting-edge telecom advancements, pioneering automotive tech, life-saving healthcare innovations, and next-gen industrial automation. Our projec",n,n,non_us,,,
5ebcb338-7e14-4432-aee4-7f8e29ec436c,greenhouse,privateequityinsights,Investment Banking event,"Paris, France","## Private Equity Conference Volunteer ## (Paris, 26th and 27th March) Do you want to expand your network with 500+ leaders, entrepreneurs, investors, limited and general partners of the Private Equity sector, plus develop your skills in leadership? Now is your chance! Private Equity Insights organises the largest global events enabling finance and investment innovation by connecting C-level ex",n,n,non_us,,,
d4a4abea-e536-48ff-8b36-fc76d6193ead,lever,aogarciaagency,Work From Home - Part-Time Client Services Representative,"Oakland, California","What could an extra $1,000-$2,000 each month do for your household? Qualified candidates are wanted for the chance to enter financial services on a part-time basis while working fully remotely. This means that you get all the earning potential of a trillion-dollar industry without having to give up the security of your current position. Pay off your house early, take the vacations your family dese",n,n,us,,,
e740e35b-63b4-4b10-a1f4-5ca03f7c0699,lever,tsmg,Data collector / Driver,"Lawrence, MA","## Company description Terry Soot Management Group (TSMG) is a field data collection company founded in 2017 in Europe. We collect data where automation is not possible. We count features, take pictures, make videos, record speech, and scan areas for every detail you need to make more informed decisions. Our field data collection teams are spread across Europe and North America, ready to accept",n,n,us,,,
b8d3086e-0c61-4202-87f1-18a5c399a7ba,greenhouse,exiger,ServiceNow Platform Manager,"Jersey City, New Jersey, United States","## Who We Are: Exiger transforms supply chains into a strategic advantage, advancing our mission to make the world a safer and more transparent place to succeed. Our AI platform, 1Exiger , delivers instant visibility into complex supplier ecosystems, leveraging proprietary data and advanced AI to surface risk, automate compliance, and unlock efficiencies and cost savings to strengthen long-term r",y,y,us,,,
6fceb8fb-56c6-4c92-b50a-1651a238abae,greenhouse,olympusproperty,Business Manager - 207 East,"Edgewood, WA","## * National Apartment Association's Top Employer of 2023 - 2024 - 2025 * ## The Olympus Property Difference Compassion plays a part in everything we do, in every interaction, at every level. Kind acts for our residents. Respect for our employees. Courtesy for our partners. We pride ourselves on being #OlympusProud, and to us, culture is everything. Each of our team members contributes to cont",n,y,us,,,
356e5e2f-aa84-4bc6-9be6-cacb8501eb41,greenhouse,nebius,Data Center Operations Manager (Facilities) ,"Lappeenranta, Finland","## About Nebius: Nebius is leading a new era in cloud infrastructure for the global AI economy. We are building a full-stack AI cloud platform that supports developers and enterprises from data and model training through to production deployment, without the cost and complexity of building large in-house AI/ML infrastructure. Built by engineers, for engineers. From large-scale GPU orchestration",y,y,non_us,,,Facilities operations versus technical infrastructure scope.
9f8a4d00-109a-474b-b794-76b445371728,greenhouse,opswat,Data Scientist,"Budapest, Hungary","OPSWAT , a global leader in IT, OT , and ICS critical infrastructure cybersecurity, delivers an end-to-end platform that gives public and private sector organizations and enterprises the critical advantage needed to protect their complex networks, secure their devices, and ensure compliance. Over the last 20 years our commitment to innovative technology has earned the trust of more than 1,700 orga",y,n,non_us,,,
5ea5d028-bb52-4c33-a658-b29001c60904,lever,globalelitecareers,Work From Home - Break Free of the 9-5,"Chattanooga, Tennessee","Looking for motivated individuals who want more out of their income and career. This is a remote opportunity where you’ll work directly with individuals who have requested help understanding their financial protection options. No cold outreach. If you’re someone who is competitive, coachable, and willing to put in the work, this can be a strong income opportunity with long-term growth. ## What",n,n,us,,,
551a488c-197e-4c09-80ae-6740de59c9fd,lever,leverdemo-8,AWS Solutions Architect,"Brooklyn, NY","________This is an example!________ PLEASE READ: these jobs are testing jobs of Lever's testing environment - please do not apply for this job. Lever was founded ten years ago to tackle the most strategic challenge that companies face: how to recruit and hire top talent. We’re building the next generation of hiring software that companies like Netflix, Yelp, Cirque du Soleil, Shopify, and Spotif",y,n,us,,,
d8b4126d-6281-473d-8f67-66d13e6b7c25,greenhouse,purestorage,"Principal Product Services Engineer, Advanced Services - UK","London, United Kingdom","Everpure (NYSE: P) has evolved from storage pioneer to data platform, closing fiscal 2026 with $3.7 billion in revenue, its first billion-dollar quarter, and accelerating growth into FY27. Our strategic agenda spans the companies defining the next era of technology - hyperscalers, AI labs, the AI hardware supply chain, data platform providers, and the broader AI ecosystem. This type of work—work",n,y,non_us,,,
8925bcd1-aa5a-4c25-8236-f03530b9f227,greenhouse,distrokid,Infringement Manager,Remote - USA,"At DistroKid, we help artists share their music with the world. Sponsorship: Not available. We cannot sponsor visas, work permits, or extensions in any country (including OPT/CPT, PGWP, Graduate Route, or similar programs). Employment Type: Full-time employee (no B2Bs/contracts, etc.) Salary: Varies by region — details below The Infringement Manager plays a key leadership role in overseeing the",n,y,us,y,,
8837a1ee-41b3-4ae4-840d-703b6b0782f0,lever,usasurveyjob,Remote Data Entry Clerk - Work at Home,"Lincoln, Nebraska","Earn cash at Home by Participating in Paid Studies - Data Entry agent - Customer Service Agent - Part-time We are seeking people across the country to join paid surveys - Apply ASAP! We provide you the chance to make extra income from home (remotely) and also to choose your own participation schedule. At this task, you will be executing various jobs such as data entry, executing email response,",n,n,us,,,
94e73599-3b69-4ec3-842b-fcd25774b7a4,greenhouse,databricks,Staff Frontend Engineer - UI Platform - Seattle,"Seattle, Washington","At Databricks, we are passionate about enabling data teams to solve the world's toughest problems — from making the next mode of transportation a reality to accelerating the development of medical breakthroughs. We do this by building and running the world's best data and AI infrastructure platform so our customers can use deep data insights to improve their business. Founded by engineers — and cu",y,y,us,,,
ec911459-d15f-4543-989d-aaf34e51c06d,amazon,amazon,"Software Development Engineer, Transit Gateway","Arlington, Virginia, USA","## Description AWS Infrastructure Services owns the design, planning, delivery, and operation of all AWS global infrastructure. In other words, we’re the people who keep the cloud running. We support all AWS data centers and all of the servers, storage, networking, power, and cooling equipment that ensure our customers have continual access to the innovation they rely on. We work on the most chal",y,y,us,,,
d7e2fd4d-8691-43b4-928c-7e0ca345ba5c,lever,kolibrigames,Game Data Analyst (f/m/d),"Berlin, Germany","We are Kolibri Games - a mobile games developer from Berlin. We believe that with the best people, we can make games that players will enjoy for years to come. Our games have defined the idle genre, and bring enjoyment to hundreds of millions of players all around the world. This is possible due to the talented people who make us who we are. ‘Kolibris’, as we call ourselves, are on a mission to c",y,n,non_us,,,
b733c896-29f7-4ad4-84f8-7a1451ee23bb,ashby,Horizon3ai,"Staff Software Engineer, Defensive Agent","US, Remote","## Get to Know Us Horizon3 is a fast-growing, remote cybersecurity company dedicated to the mission of enabling organizations to proactively find and fix and verify exploitable attack vectors before criminals exploit them. Our flagship product, the NodeZeroTM platform, delivers production-safe autonomous pentests and other key assessment operations that scale across the largest internal, external",y,y,us,,,
6815225c-f99b-41d2-9be3-601e0f41bfca,greenhouse,tsg,"Security Flex Officers in Detroit, Michigan ","Detroit, Michigan","Titan Security is built on serving our clients and building careers – just like yours. We are trusted by some of the most well-known companies and properties in the country while remaining dedicated to building personalized security solutions that solve the needs of every customer we support. Named as a nationally recognized Top Workplace in 2024 and 2025 by USA Today, Titan's customized approach",n,n,us,,,
aac2425f-0d38-4770-8416-29eafd04db96,greenhouse,five9,Data Engineer II,"India, Chennai","Join us in bringing joy to customer experience. Five9 is a leading provider of cloud contact center software, bringing the power of cloud innovation to customers worldwide. Living our values everyday results in our team-first culture and enables us to innovate, grow, and thrive while enjoying the journey together. We celebrate diversity and foster an inclusive environment, empowering our employee",y,y,us,,,
13cc6048-f62e-46d0-a722-354a25f13765,ashby,replit,Software Engineer - New Grad (2027),"Foster City, CA","Replit is the agentic software creation platform that enables anyone to build applications using natural language. With millions of users worldwide, Replit is democratizing software development by removing traditional barriers to application creation. ## About the role: As a New Grad Software Engineer, you'll join a team of exceptional builders working on products that are reshaping how the worl",y,n,us,,,
6e742d7c-599e-4393-ba98-974e43e2bf5d,lever,fp,Senior .Net Developer (AWS),Gliwice,"Nasz klient to wpływowy gracz na rynku amerykańskim w sektorze automotive, który rozwija świat sprzedaży samochodów poprzez innowacyjne rozwiązania CRM. Firma ta ma silną pozycję, dostarczając kluczowe oprogramowanie dla dealerów samochodowych, aby usprawnić ich operacje i zwiększyć efektywność sprzedaży. Zespół składa się z 40 specjalistów podzielonych na 7 zespołów wewnętrznych, pracujących w ś",n,n,non_us,,,
80bdd4ed-3af3-4ae4-ad71-95da927e8be1,greenhouse,atoms,Construction Project Manager,"New York, NY","## Who we are Atoms is building the machines that power the next era of progress. Over the last decade, software has transformed the digital world. But the physical world, where food is made, minerals are mined, goods are moved, and industries are run, remains far less intelligent, far less efficient, and far more constrained. We’re changing that. Atoms builds Physical AI— real-world robots for",n,n,us,,,
6de28960-e871-4270-9e07-2198a8eb2a5e,greenhouse,equipmentsharecom,Territory Account Manager,"Dickson City, PA","## Build the Future with Us — EquipmentShare is Hiring a Territory Account Manager At EquipmentShare, we’re not just filling a role — we’re assembling the best team on the planet to build something that’s never been built before . We’re on a mission to transform an industry that’s been stuck in the past by empowering contractors and communities through innovative technology, real-time support, an",n,n,us,,,
40721fb0-9aec-42cf-81e6-942534cec16e,greenhouse,doordashusa,"Robotics Software Engineer - Labs, DoorDash Air","San Francisco, CA","## About the Team DoorDash Labs is an independent team within DoorDash. We explore robotics and automation to transform last-mile logistics in the long term. If you have experience applying the latest technology and enhance delivery experiences for millions of users, we want to talk to you. The Drone Delivery team is focused on bringing the dream of fast, efficient, and delightful last-mile deli",y,n,us,,,
02401c31-de34-4339-afc9-180f7897921e,lever,globalelitecareers,Benefits Services Representative - Remote,"Coquitlam, British Columbia","Ready for a Career That Offers More Freedom? Are you looking for a career that gives you greater flexibility, meaningful work, and the opportunity to grow based on your performance? If you're ready to move beyond the traditional workday and take greater control of your schedule and earning potential, we'd love to hear from you. Join a growing remote team where you'll connect with clients who have",n,n,non_us,,,
5416e4a6-c8e1-4682-95b4-898caf9579d9,greenhouse,convenientmd,Primary Care Physician,"Bangor, Maine, United States","At ConvenientMD , we’re on a mission to make good health more convenient for all – working to improve how patients and providers experience healthcare in New England. To support this belief, we’re building a team of dedicated professionals who genuinely care about improving lives, are passionate about work that can make a difference, and are driven to learn from one another. ## The Opportunity W",n,n,us,,,
bce512cd-08e1-40fa-9d31-248a674f940a,lever,bluelightconsulting,"Full Stack and Backend NodeJS TypeScript/JavaScript Engineer (Senior) - Latin America, Remote","Puebla City, Mexico","Bluelight is a leading software consultancy dedicated to designing and developing innovative technology that enhances users' lives. With a steadfast commitment to delivering exceptional service to our clients, Bluelight excels in its focus on quality and customer satisfaction. Our mission is not only to create cutting-edge applications but also to foster a collaborative and enriching work environm",n,y,non_us,,,
c480ba40-a52e-4643-b3bd-4b98f2bb5d48,ashby,Commure,Data Operations Analyst (Bangladesh),"Dhaka, Bangladesh","At Commure, we're building the AI Operating System for healthcare, the foundation that defines how care is delivered, documented, and financed. Our platform spans the full care journey: Ambient AI and Dictation eliminating documentation burden at the point of care, intelligent Agents automating patient and revenue workflows, and autonomous RCM processing billions in claims, all on a single AI-nati",n,n,non_us,,,
69d5fe68-f1cc-4ce3-b454-e998c5b2f5d7,greenhouse,andurilindustries, CW Production Recruiting Lead,"Denver, Colorado, United States","Anduril Industries is a defense technology company with a mission to transform U.S. and allied military capabilities with advanced technology. By bringing the expertise, technology, and business model of the 21st century’s most innovative companies to the defense industry, Anduril is changing how military systems are designed, built and sold. Anduril’s family of systems is powered by Lattice OS, a",n,y,us,,,
12b2d9f2-a1a3-4075-9bfb-ab2d34188215,lever,shieldai,"Compensation Director, International, Sales & Marketing (R6051)",London,"Shield AI is a venture-backed defense-tech company with the mission of protecting service members and civilians with intelligent systems. Its products include Hivemind autonomy software, V-BAT and X-BAT aircraft, and Aechelon simulation and synthetic reality technologies. With offices and facilities across the U.S., Europe, the Middle East, and Asia-Pacific, Shield AI’s technology actively support",n,y,non_us,,,
c5ba4a87-0e10-4c46-9cd8-431d74dc6c9d,lever,usasurveyjob,Remote Data Entry Clerk - Work at Home,"Middlesbrough, North Yorkshire","Earn cash at Home by Participating in Paid Studies - Data Entry agent - Customer Service Agent - Part-time We are seeking people across the country to join paid surveys - Apply ASAP! We provide you the chance to make extra income from home (remotely) and also to choose your own participation schedule. At this task, you will be executing various jobs such as data entry, executing email response,",n,n,non_us,,,
f75d6e73-f90f-40ff-a5ad-a4830bcd96f7,greenhouse,roku,"Software Engineer, Embedded Agentic AI ","San Jose, California","## Teamwork makes the stream work. ## Roku is changing how the world watches TV Roku is the #1 TV streaming platform in the U.S., Canada, and Mexico, and we've set our sights on powering every television in the world. Roku pioneered streaming to the TV. Our mission is to be the TV streaming platform that connects the entire TV ecosystem. We connect consumers to the content they love, enable cont",y,y,us,,,
8e8d20b3-9c8b-498c-916e-e5eeac37fbf1,greenhouse,doordashaustralia,"Technical Support Representative, In-Store","Sydney, Australia","## About the Team The Technical Support Team at SevenRooms is part of DoorDash’s broader Customer Experience and Support Ops organization. We partner directly with hospitality operators around the world to deliver best-in-class customer support. Our mission is to ensure that when things go wrong—or when guidance is needed—there’s always someone knowledgeable, strategic, and empathetic ready to he",n,n,non_us,,,
75a62a4a-ce89-404d-a661-4f2d8981addd,greenhouse,inter,SOFTWARE DEVELOPER ANALYST Android (Kotlin) - Fraud,"Belo Horizonte, MG","Conheça o Inter Pioneiros, mudamos o mercado ao lançar o primeiro banco digital do Brasil e seguimos criando tendências com tecnologia de ponta. Evoluímos para um Super App Financeiro Global, com soluções completas e inovação de primeira. Aqui, o trabalho tem propósito: construir oportunidades reais, transformar a vida das pessoas e o mercado financeiro. Esse é o nosso Jeito Inter de Fazer. Se voc",y,n,non_us,,,
da468732-9f0c-430c-9955-c84818d91b23,greenhouse,lgairesearch,Software Engineer - Backend,"Gangseo-gu, Seoul, South Korea","팀 소개 Product Development Team은 AI 기술을 기반으로 고객의 요구를 충족하는 AI 서비스를 설계하고 개발합니다. AI 모델과 알고리즘을 실제 서비스로 구현하여 다양한 문제를 해결하며, AI Agent인 ChatEXAONE을 비롯해 연구원에서 개발한 AI 모델을 활용한 Agent와 AI API를 제공하는 서비스 플랫폼 등 다양한 AI 서비스를 자체 개발·운영하고 있습니다. 수행 업무 - 기획 요구사항 분석 및 문서화 - Backend API, DB 설계 및 문서화 - API 서버 및 Agent 개발 - GitLab/GitHub 기반 협업 및 코드 리뷰 참여 - CI/CD 파이프라인 구성 및 개선 (GitLab CI/CD, ArgoCD 등 ## 지원자격 - - Python,",y,n,non_us,,,
7293f5ca-b2dd-4ee3-8525-4289b54905f5,ashby,sift,Customer Solutions Engineer ,"San Francisco, California","As a Customer Solutions Engineer at Sift, you are the bridge between the customer-facing team and the engineering and product teams. You explain complex ideas to customers and relay customer needs to engineering and product. When a customer’s needs and our product don’t fully align, you’re the internal customer advocate who drives critical solution changes and refinements to our offerings. ## Wha",y,n,us,,,Customer solutions engineering; borderline between engineering and support.
fb9a6f13-bdbf-474d-aa4b-5258edaa1ee1,greenhouse,system,Data & AI/ML Engineering,"New York, New York, United States, Remote","Welcome systems thinkers. System builds software to help the world see and solve anything as a system, starting in healthcare. We are a Public Benefit Corporation driven by purpose and shaped by values. We hire systems thinkers who are motivated by our purpose, share our values, and have the skills to advance our mission. At System, this means designing the pipelines, platforms, and model-serving",y,n,us,,,
703c0504-9ff2-4d4b-bd38-a1cc6b6a749e,greenhouse,spin,IC1 - Software Engineer Backend,"México, México","At Spin, we drive financial inclusion in Mexico by bridging OXXO’s massive physical footprint (+24,000 stores) with the digital ecosystem. Within our umbrella, NetPay serves as the B2B payment aggregator empowering businesses to scale through terminal solutions, acquirance technology, and seamless integrations. We build high-availability transaction engines that keep Mexican commerce moving every",y,n,non_us,,,
1b49e617-1614-4eb1-a1bf-628a602bf1a5,greenhouse,alphasense,Principal Software Engineer - Product Platforms,"Helsinki, Uusimaa, Finland","## About AlphaSense: The world’s most sophisticated companies rely on AlphaSense to remove uncertainty from decision-making. With market intelligence and search built on proven AI, AlphaSense delivers insights that matter from content you can trust. Our universe of public and private content includes equity research, company filings, event transcripts, expert calls, news, trade journals, and clie",y,y,non_us,,,
5a96c6c6-bb1e-48eb-9952-297e565bb0fa,lever,skyralio,Principal Engineer - Technical Delivery Lead,"Warminster, Wiltshire","## We Are Skyral: We believe every decision maker can be empowered by technology. Skyral combines AI, leading edge simulation technology and world class expertise to transform the decision making experience. Our products and services enable faster and more confident decisions in a complex, unforgiving world. We deploy practical, intuitive and efficient solutions to governments and enterprises, de",y,y,non_us,,,
0e42e0f7-76be-4079-b88e-70e8b0cb5931,greenhouse,xendit,UX Designer - Developer Experience (DevEx),"Jakarta, Indonesia","Xendit provides payment infrastructure across Southeast Asia and is expanding to Greater China and LATAM. We process payments, power marketplaces, disburse payroll and loans, provide KYC solutions, prevent fraud, and help businesses grow exponentially. We serve our customers by providing a suite of world-class APIs, eCommerce platform integrations, and easy to use applications for individual entre",n,n,non_us,,,
1907887d-002e-4f06-a716-41463f06862d,greenhouse,tactilemedical,Data Analyst,"New Brighton, Minnesota","At Tactile Medical, we specialize in developing at-home therapy devices to treat lymphedema, chronic venous insufficiency and respiratory illnesses. The Data Analyst will discover valuable information in large data sets and help Tactile Medical make smarter decisions to deliver better products and optimize operations. We are looking for a motivated Data Analyst to deliver clear insights into the",y,n,us,,,
a89b65a5-af7a-4f83-b814-89c2e9bac379,lever,wadetrim,Construction Resident Engineer - #2909,"Omaha, NE","## What We Offer: Our excellent salary and benefits package includes medical, dental, vision, life insurance, short and long-term disability coverage, education reimbursement, 401(k), performance bonuses, and an employee stock program. Employee Resource Groups and Programs offered include the Young Professionals Group, Women at Wade Trim, Diversity, Equity and Inclusion, Professional Development,",n,n,us,,,
04f692d7-52cd-43bb-989b-a8dd1421598a,greenhouse,secretariatadvisorsllc,"Senior Associate, Construction Quantum","Kuala Lumpur, Kuala Lumpur, Malaysia","## Chart Your Journey at Secretariat From a collaborative culture to teammates who will always be by your side, find a career that will grow with you. Deliver your impact at Secretariat. ## ABOUT THE FIRM Secretariat professionals are trusted in the highest-stakes legal, risk, and regulatory matters around the world. When you join Secretariat, you become part of a rapidly growing elite team of",n,y,non_us,,,
fdb41642-3193-4f63-bc2c-cc8bbda95bd3,greenhouse,zscaler,Staff Site Reliability Engineer,"San Jose, California, USA","About Zscaler Zscaler accelerates digital transformation to ensure our customers can be more agile, efficient, resilient, and secure. As an AI-forward enterprise , we are constantly pushing the envelope, leveraging the world’s largest security data lake to power our cloud-native Zero Trust Exchange platform. This innovation protects our customers from cyberattacks and data loss by securely connec",y,y,us,,,
21a4aa16-aaca-4c19-a28b-2ae0e6fb5470,greenhouse,airspace,Solutions Engineer,"Carlsbad, CA, US or Remote, US","## Company Introduction: Airspace is a tech-enabled freight forwarder that’s redefining how the world’s most critical packages are delivered. Headquartered in Carlsbad, California, Airspace has employees who are based around the world. Our European headquarters is in Amsterdam, The Netherlands. As a recognized leader in AI and machine learning, our team leverages data and patented technology to",y,n,us,,,Solutions role has a technical AI/data focus.
821081ef-e201-420e-b659-a05b2452887f,greenhouse,andurilindustries,Senior Director of Supply Chain,"Costa Mesa, California, United States","Anduril Industries is a defense technology company with a mission to transform U.S. and allied military capabilities with advanced technology. By bringing the expertise, technology, and business model of the 21st century’s most innovative companies to the defense industry, Anduril is changing how military systems are designed, built and sold. Anduril’s family of systems is powered by Lattice OS, a",n,y,us,,,
f4929170-42a9-4444-8991-4f757c2a1fd9,lever,titanelectric-ga,Superintendent,"Orlando, Florida","Titan is a leading national electrical contractor with locations in Florida, Georgia, Texas, North Carolina, Tennessee, and South Carolina. Titan maintains a strong reputation as a leading high-quality, customer-centric service provider which has resulted in strong financial growth since its inception in 2006. As a result, the company has become a trusted partner to its customers and suppliers and",n,n,us,,,
78eabb42-7c2b-48cd-b4ab-9400a737c23e,greenhouse,purestorage,ServiceNow Support Specialist,"Prague, Czech Republic","Everpure (NYSE: P) has evolved from storage pioneer to data platform, closing fiscal 2026 with $3.7 billion in revenue, its first billion-dollar quarter, and accelerating growth into FY27. Our strategic agenda spans the companies defining the next era of technology - hyperscalers, AI labs, the AI hardware supply chain, data platform providers, and the broader AI ecosystem. This type of work—work",n,n,non_us,,,
23483f92-12fe-4c80-b720-689401c9f2a6,greenhouse,pearceservices,Tower Technician Top Hand,"Missouri, United States","At PEARCE , we've got a career for you! Pearce is a leading technology-enabled provider of asset management solutions for mission-critical electromechanical infrastructure throughout North America. Pearce provides technical maintenance, repair, operations, and engineering services for uninterruptible power supply (UPS) systems, backup power generators, battery energy storage systems (BESS), criti",n,n,us,,,
38f16a95-1b30-4ca2-be07-9ef7792df4cd,greenhouse,gotion,Systems Engineer (MES & Data),"Manteno, Illinois","Gotion Inc. is based in Silicon Valley, CA, currently building a Manufacturing facility in Manteno, IL and has R&D centers in Ohio, China, Japan and Europe. We innovate in the next generation electric vehicle and energy storage technologies (lithium batteries and related systems) with the aim to accelerate electrified transportation and achieve sustainable development. Gotion is powered by a leadi",n,n,us,,,
c717564e-272c-4a0f-80fa-ebf6ea3a7e69,greenhouse,atolls,"Senior Software Engineer (TypeScript, Next.js / Node.js) (m/f/x) ",Berlin Business Site,"## Atolls is the world’s largest community-driven shopping platform, active in 20+ markets. We help millions make smarter spending decisions across discovery, evaluation, and (re-)purchase by connecting people with the right brands and retailers. Our 1,000+ team across 10 countries builds products used every day at global scale, where you’ll have real ownership and see your impact. Want to shape",y,y,non_us,,,
50d7ead9-3486-41ae-b23b-429b39249a53,greenhouse,eositsolutions,Mobility and Optical Consulting Engineer,"Bellevue, Washington, United States","## OUR COMPANY: EOS IT Solutions is a Global Technology and Logistics company, providing Collaboration and Business IT Support services to some of the world’s largest industry leaders, delivering forward-thinking solutions based on multi-domain architecture. Customer satisfaction and commitment to superior quality of service are our top business priorities, along with investing in and supporting",n,n,us,,,Consulting engineer scope is not clearly software/IT.
f794a4b0-3552-444a-aff4-c739c91dee62,ashby,stninc,Data Center Operations Manager,"Odessa, TX","## Data Center Operations Manager Infrastructure operations · shared across sites ## Reports to: VP, Infrastructure (or Director, Site Operations) ## Location: Odessa, TX or Pleasanton, CA; multi-site travel ## Department: Infrastructure & DC Operations / Data Center Operations ## Position summary The Data Center Operations Manager owns physical infrastructure at GPU One (GPUaaS) sites inclu",y,y,us,,,
f46057e6-2615-4d7e-ad76-1e28195ca95c,greenhouse,zenoti,Senior Manager - Product Management (AI Workflows),"Hyderabad, Telangana, India","Zenoti provides an all-in-one, cloud-based software solution for the beauty and wellness industry. Our solution allows users to seamlessly manage every aspect of the business in a comprehensive mobile solution: online appointment bookings, POS, CRM, employee management, inventory management, built-in marketing programs and more. Zenoti helps clients streamline their systems and reduce costs, while",n,y,non_us,,,
f145ed33-7cfc-4f58-b340-fa3383bfa118,greenhouse,rtbhouse,Senior Machine Learning Researcher,"Warsaw, Masovian Voivodeship, Poland","## Location : Poland ## We Are: RTB House is a global company that provides state-of-the-art marketing technologies for top brands and agencies worldwide. Its proprietary ad-buying engine is the first in the world to be powered entirely by Deep Learning algorithms, enabling advertisers to generate outstanding results and reach their goals at every stage of the funnel. As an ML Researcher , you",y,y,non_us,,,
7843082d-e3db-49bd-b15c-1c5c1fca1365,greenhouse,dlrgroup,"Project Manager, K-12 Education","Austin, Texas, United States; Dallas, Texas, United States","DLR Group is an integrated design firm with a promise to elevate the human experience through design. This fuels the work we do around the world and inspires our mission to improve the lives of our clients, our communities, and our planet. If this sparks your interest, you’re in the right place. DLR Group's Texas region has an opening for a K-12 Education Project Manager . We operate within a hyb",n,y,us,,,
eb6c0dec-9901-400a-8932-99d0c7ca6d5c,greenhouse,openwork,Healthcare Recruiter,"Houston, TX 77092","About Openwork Openwork is a high-growth, people-first staffing company reimagining what modern hiring can be. Privately owned and proudly independent, we move fast, think big, and give every team member a real seat at the table. With over 50 years of experience, we’re combining industry expertise with a fresh, innovative approach — bringing ease, accessibility, and thoughtfulness to every step o",n,n,us,,,
3381ff25-d98b-43d6-8d05-1e564f64ac36,greenhouse,okta," Senior Software Engineer, Data","Bengaluru, India","Secure Every Identity, from AI to Human Identity is the key to unlocking the potential of AI. Okta secures AI by building the trusted, neutral infrastructure that enables organizations to safely embrace this new era. This work requires a relentless drive to solve complex challenges with real-world stakes. We are looking for builders and owners who operate with speed and urgency and execute with ex",y,y,non_us,,,
dfa1d2b1-b58c-4bcb-9278-9eeb8a0f4b8d,greenhouse,simplisafe,Software Engineer I- User Systems,"Boston, MA",## About SimpliSafe We’re a high-tech home security company that’s passionate about protecting the life you’ve built and our mission of keeping Every Home Secure. And we’ve created a culture here that cares just as deeply about the career you’re building. Ours is a no ego culture of collaboration and innovation where those seeking their next challenge can find big opportunities and make a huge im,y,n,us,,,
83c407ca-f66e-4d0a-9a47-211eda37d148,greenhouse,toast,Android Software Engineer,"Dublin, Ireland","Toast creates technology to help restaurants and local businesses succeed in a digital world, helping business owners operate, increase sales, engage customers, and keep employees happy. Are you interested in using the latest technology to help our customers build amazing relationships with their guests? Does the idea of developing products that help people cherish their best moments in life soun",y,n,non_us,,,
837d3067-ad31-4ebd-a15b-7c6c131ea23f,ashby,base-power,"Senior Software Engineer, Frontend","Austin, TX","## About Base Base is America’s next-generation power company. We’re rebuilding the foundation of modern civilization–electricity–by deploying a vast network of distributed batteries that is transforming today’s fragile, centralized grid into a resilient and abundant system. We are engineers, operators, and creatives solving some of the most complex, interdisciplinary challenges of our time. ##",y,y,us,,,
bd4d6337-ea91-48c7-94f2-51da37bcfdb3,greenhouse,intersystems,Technical Services Engineer II,"Boston, MA","The Technical Services Engineer II is responsible for the availability, performance, and security of InterSystems’ corporate infrastructure (virtual and physical). This includes on premises, private cloud, and data center environments spanning compute, storage, connectivity, and configuration. The Technical Services department is actively integrating artificial intelligence (AI) into our standard",y,n,us,,,
9336ead8-e8f3-40c2-9b10-213044f7cbbb,greenhouse,intercom,"Manager, Solutions Engineering","Sydney, Australia","Fin is the AI Customer Agent company on a mission to help businesses provide perfect customer experiences. Our AI Agent Fin is the highest-performing AI Customer Agent on the market today, enabling businesses to deliver impeccable, always-on customer support across the customer journey – from service, to sales, to ecommerce. Powered by our own AI models, Fin resolves complex customer issues end-t",y,y,us,,,
099ff423-dd66-4599-bcd2-4918ee02effb,lever,bluelightconsulting,"Project Manager (Software Development) - Remote, Latin America","Tacna, Peru","Bluelight is a leading software consultancy dedicated to designing and developing innovative technology that enhances users' lives. With a steadfast commitment to delivering exceptional service to our clients, Bluelight excels in its focus on quality and customer satisfaction. Our mission is not only to create cutting-edge applications but also to foster a collaborative and enriching work environm",y,y,non_us,,,
776c9413-124b-44fa-b80a-c67f7eb5ed14,lever,sambatv,Ontology Engineer-Knowledge Graph & Identity,"New York City, New York","Samba is a media intelligence company. We know what the world is watching, reading, and thinking about — in real time, at scale, across every screen. Our data exists with the consent of over a billion people, organized into the most complete picture of consumer attention ever built. The biggest brands in the world use that picture to make smarter decisions. We think it’s the most interesting data",y,n,us,,,
54e4224a-44ee-406b-b174-5368805da809,greenhouse,jdsports,"Store Manager - Siracusa Melilli C.C. ""Belvedere""","Siracusa, Syracuse, Italy","## Chi e' JD Group Fondato nel 1981 e quotato nell'indice FTSE 100, JD Group è un retailer multicanale leader a livello mondiale nei settori della moda sportiva, dell'outdoor e del fitness. Guidati dall'innovazione, dall'eccellenza e da una cultura che mette al primo posto le persone, la nostra visione è quella di diventare il retailer omnicanale più affidabile e dinamico al mondo. Accogliamo per",n,n,non_us,,,
36c7d4a5-926c-4f57-8052-7b67928706fb,lever,bluelightconsulting,"Senior Python/Flask+React Fullstack Engineer - Remote, Latin America","León, Guanajuato, Mexico","Bluelight is a leading software consultancy dedicated to designing and developing innovative technology that enhances users' lives. With a steadfast commitment to delivering exceptional service to our clients, Bluelight excels in its focus on quality and customer satisfaction. Our mission is not only to create cutting-edge applications but also to foster a collaborative and enriching work environm",y,y,non_us,,,
677c2310-122d-4337-8d4a-4c58f7217754,ashby,skylo,Senior QA Engineer,"Bangalore, India","The world still has coverage blind spots. You could help eliminate them at Skylo. Skylo has pioneered a standards-based approach to satellite connectivity. We connect smartphones and IoT devices directly to satellites. No special hardware, no entirely new networks. Just billions of existing devices, suddenly reachable anywhere on Earth. We're not building toward this future. We're already in it.",y,y,non_us,,,
ce3a8ddc-35e8-4ff7-b541-eb544aac8e2d,lever,vohra,"Internal Medicine Physician - Worthington, MN","Worthington, MN","## Internal Medicine Physician Position with National Wound Physician Group Clinical satisfaction, autonomy and flexibility, work-life balance No Nights, No Call, No Weekend Clinical Responsibilities Become an expert in wound management , learn from highly qualified wound-certified physician trainers and Fellowship Directors. Utilize cutting-edge clinical technologies and the latest wound care",n,n,us,,,
5eb9194e-7232-460a-b694-a6f3a5797bb7,lever,cruxocm,Advanced Process Control Engineer,"Calgary, Edmonton, Vancouver","## About CruxOCM CruxOCM is the leading automation company in heavy industry, specifically targeting the energy sector. We are a venture capital-backed company dedicated to transforming this industry. Control room operators require the most effective tools to perform their jobs safely and efficiently, while minimizing environmental impact and maximizing revenue. Considering that pilots have auto",n,n,non_us,,,All listed cities are Canadian; the excerpt does not state country.
8eb93a79-bab3-4717-a9c0-45d9d37897cf,greenhouse,takealotcom,BI Engineer: Takealot Group,Cape Town,"The Takealot Group, a leading South African online retailer, is looking for a highly talented BI Engineer to join our team. We are a young, dynamic, hyper growth company looking for smart, creative, hard-working people with integrity to join us! At the Takealot Group ( Takealot.com & Mr D ), the BI Engineer works closely with our internal stakeholders to determine their business intelligence, re",y,n,non_us,,,
7087f96b-8a81-41be-87a0-11e924b9ffb5,greenhouse,imc,Market Data Quality Analyst,"Sydney,  Australia","At IMC, data is pivotal in shaping trading decisions across a wide range of financial products. Better data means better decision making for both the research and trading teams. We’re on a mission to ensure that we have access to quality data to enhance our ability to rapidly adapt and innovate. This role is ideal for someone passionate about financial data, quantitative research, and market anal",y,n,non_us,,,Data quality analyst is data-focused but not an engineering role.
9117409f-923f-40ad-8b97-b2d9460c715f,lever,erg,Entry Level Environmental Engineer (Water Practice),"Fairfax, VA","ERG is a research and consulting firm that provides a wide range of support to federal, state, and commercial clients. ERG offers multidisciplinary teams with nationally recognized skills in engineering, science, economics, public health, informational technology, and communications. We hire people with the best minds and then provide them with a vibrant and flexible environment in which to develo",n,n,us,,,
d643e775-79e7-44ae-ae1a-1135d623693e,greenhouse,equipmentsharecom,"Field Technician (Mechanic) (Pump, Power & HVAC)","Phoenix, AZ (Advanced Solutions)","## Build the Future with Us — EquipmentShare is Hiring a Field Technician (Mechanic) (Pump, Power & HVAC) At EquipmentShare, we’re not just filling a role — we’re assembling the best team on the planet to build something that’s never been built before . We’re on a mission to transform an industry that’s been stuck in the past by empowering contractors and communities through innovative technology",n,n,us,,,
32c952b6-2666-4150-9ce2-54f8140f7da2,workday,analogdevices.wd1.myworkdayjobs.com|analogdevices|External,"Associate Engineer, Equipment Engineering","Philippines, Cavite, GTC","Come join Analog Devices (ADI) – a place where Innovation meets Impact. For more than 55 years, Analog Devices has been inventing new breakthrough technologies that transform lives. At ADI you will work alongside the brightest minds to collaborate on solving complex problems that matter from autonomous vehicles, drones and factories to augmented reality and remote healthcare. ADI fosters a cultur",n,n,non_us,,,
37fc02c3-7e59-4fd7-8946-ae2cb1a195b5,greenhouse,cssmerge,Structural Engineer,"San Francisco, CA","## Who we are Atoms is building the machines that power the next era of progress. Over the last decade, software has transformed the digital world. But the physical world, where food is made, minerals are mined, goods are moved, and industries are run, remains far less intelligent, far less efficient, and far more constrained. We’re changing that. Atoms builds Physical AI— real-world robots for",n,n,us,,,
b47efbd1-547a-474c-9605-331dc60de692,greenhouse,bestversionmedia,Media Sales Representative,"Toms River, NJ, United States","Turn your love of community into a career. Best Version Media is looking for a driven, community-minded sales professional to join us as a Media Sales Representative. ## About Best Version Media Founded in 2007, Best Version Media (BVM) has spent nearly two decades bringing North American communities together one person, one home, one business at a time. Today, BVM publishes over 1,300 local ma",n,n,us,,,
2f9bc270-6c6e-4139-9d8d-fbcc78aa2404,lever,usasurveyjob,Work at Home Data Entry Agent - Part Time,"Peterborough, Cambridgeshire","Earn at Home by Taking Polls - Data Entry Clerk - Customer Service Rep - Work at Home & Part Time We are looking for people nationwide to participate in polls - Apply ASAP! We offer you the opportunity to earn extra income from home (teleworking) and also to decide your own participation schedule. At this job, you will be performing various tasks such as data entry, performing email response, re",n,n,non_us,,,
e84f7a7b-6898-4a30-ad92-f8ae7cc29f04,greenhouse,suitsupply,Automation Lead,"Amsterdam, North Holland, The Netherlands","## The AI & Automation Lead at Suitsupply, you'll play a crucial role in deploying and maintaining Automation solutions to support Suitsupply’s ambitious growth plans. As an Automation Lead, you collaborate with cross-functional teams to understand business requirements and implement effective solutions that enhance their business processes, automate workflows, and overall performance. ## What y",n,y,non_us,,,
94794762-9c17-4e0b-a90c-df96a65edaad,lever,usasurveyjob,Work at Home Data Entry Agent - Part Time,"Greensboro, North Carolina","Earn at Home by Taking Polls - Data Entry Clerk - Customer Service Rep - Work at Home & Part Time We are looking for people nationwide to participate in polls - Apply ASAP! We offer you the opportunity to earn extra income from home (teleworking) and also to decide your own participation schedule. At this job, you will be performing various tasks such as data entry, performing email response, re",n,n,us,,,
ecc75a59-e074-4e46-967d-54c23934e9e5,amazon,amazon,"Software Development Engineer II, RDS Telemetry Platform","Redmond, Washington, USA","## Description We are looking for a highly-skilled, experienced, and motivated software engineer to help us in our endeavour to make AWS the best place to operate relational databases. The RDS Telemetry Platform team builds and operates the infrastructure for collecting, ingesting, and routing database telemetry across the RDS fleet, including a Data Lake for fleet-wide analysis. The team also de",y,y,us,,,
a3167041-397a-4d97-b733-eb6c95e51f18,greenhouse,formlabs,"Technical Support Engineer, Field - Remote","Munich, Germany","**Please apply with an English resumé!** Do you want to change how the world creates? At Formlabs, we’re building the tools that make it possible for anyone to bring their ideas to life, from cutting-edge products to life-saving medical devices. Our 3D printing technology powers innovation at more than 50,000 industry leaders worldwide, including Apple, Google, Tesla, New Balance, and NASA. Toget",n,n,non_us,,,"Technical support engineer, not clearly software development."
ab9e5148-9264-4828-8960-31f73b0ac50a,greenhouse,jensenhughes,Fire Protection Engineer,"Phoenix, Arizona, United States","## Company Overview Throughout our worldwide network of experts, clients and communities, we are renowned for our leadership in fire protection engineering – a legacy of responsibility we have proudly upheld since 1939. Today, our expertise extends broadly across closely related security and risk-based fields – from accessibility consulting and risk analysis to process safety, forensic investigat",n,n,us,,,
264db0fd-f42d-4fd1-b800-790bf0a3215e,lever,fresha,Business Development Executive (Tel Aviv),Tel Aviv-Yafo,"## The AI-powered OS for beauty, ## wellness and self-care About Fresha Fresha is the AI-powered operating system for the global beauty, wellness and self-care industry, connecting and powering everything from salons and barbers to spas, medspas, fitness studios and health practices. Trusted by millions of consumers and businesses worldwide. Fresha is used by 140,000+ businesses and 450,000+ sty",n,n,non_us,,,
ee911b85-7253-4041-b7ff-a27666e7ccb6,greenhouse,atomicwork,Staff Engineer - Enterprise Search,"Bengaluru, India","## Staff Engineer - Enterprise Search ## Overview We are looking for an experienced Enterprise Search Lead to build and optimize our multi-tenant enterprise search solution. This role focuses on creating scalable systems that integrate seamlessly with customer environments, leveraging cutting-edge AI and ML technologies. You will design and manage the enterprise knowledge graph, implement pers",y,y,non_us,,,
6002e0c7-18c1-4619-ad78-49f4e5de6971,greenhouse,eosfitness,Certified Personal Trainer,"Moreno Valley, CA: CA-60 / Nason St ","EōS Fitness is bold, upbeat, and motivating. Not only in our fitness routines, but in our work environment as well. Like our members, our employees know how to rise to a challenge and handle it head on. EōS Fitness' Core Purpose is to create loyal, lifelong fans and exercise practitioners. To achieve this purpose, our Core Values are: Take Personal Responsibility, Be Optimistic & Have Fun, Learn &",n,n,us,,,
345c4370-4e8f-43db-9b46-d448b2122107,greenhouse,oscar,Data Scientist I,"New York, New York, United States","Hi, we're Oscar. We're hiring a Data Scientist I to join our Data team. Oscar is the first health insurance company built around a full stack technology platform and a relentless focus on serving our members. We started Oscar in 2012 to create the kind of health insurance company we would want for ourselves - one that behaves like a doctor in the family. ## About the role: Oscar's Data team is",y,n,us,,,
36183165-747b-4287-8d9b-6c90cfd72074,greenhouse,glance,"Senior Manager, Strategy and Operations - Tokyo - Japan",Tokyo,"Glance AI is an AI commerce platform shaping the next wave of e-commerce with inspiration-led shopping, less about searching for what you want and more about discovering who you could be. Operating in 140 countries, Glance AI transforms every screen into a stage for instant, personal, and joyful discovery, where inspiration becomes something you can explore, feel, and shop in the moment. Its prop",n,y,non_us,,,
62167fd6-170a-46ff-8d2c-b6db992bfec6,lever,sunsrce,Account Manager in Training - Industrial Process Equipment Distribution,"Charlotte, NC 28273","Carotek , a SunSource company, provides process equipment solutions for the industrial, commercial and municipal markets in North Carolina, South Carolina, Tennessee, Georgia and Virginia. Carotek represents over 85 manufacturers as their process equipment distributor, representative, and repair center for pumps, blowers, heat exchangers, valves, instrumentation, IIoT, steam, hydronics and municip",n,n,us,,,
43a248e8-7f08-45a5-97b8-d7341f6c41f9,greenhouse,xai,Software Engineer - Consumer Subscriptions,"Palo Alto, California","SpaceXAI’s mission is to create AI systems that can accurately understand the universe and aid humanity in its pursuit of knowledge. Our team is small, highly motivated, and focused on engineering excellence. This organization is for individuals who appreciate challenging themselves and thrive on curiosity. We operate with a flat organizational structure. All employees are expected to be hands-on",y,y,us,,,
5db4bfa8-f885-46c6-8080-73b10dd9c50c,ashby,n8n,Head of Pricing and Monetization,Berlin Office,"The AI orchestration of your wildest imagination. n8n is the open workflow orchestration platform built for the new era of AI. We give technical teams the freedom of code with the speed of no-code, so they can automate faster, smarter, and without limits. Backed by a fiercely inventive community and 500+ builder-approved integrations, we’re changing the way people bring systems together and scale",n,y,non_us,,,
1cde6ba0-32da-422a-a213-e3c76dd35e69,greenhouse,ouihelp,Aide aux personnes âgées H/F,Angers,"## CDI – Temps plein ou temps partiel Vous êtes auxiliaire de vie diplômé(e) ou expérimenté(e) et vous souhaitez travailler près de chez vous , avec un planning organisé et stable ? Nous recherchons des auxiliaires de vie pour des forfaits jours ! Salaire mensuel en forfait jour : 2200€ 🚀 Rejoignez l’équipe Ouihelp Angers ! Nous intervenons principalement sur Angers et les communes proches.",n,n,non_us,,,
419e570d-4c03-4828-900c-9cd55d8b968b,lever,xcimer,Control Systems Engineer – Manufacturing & Automation,"Denver, CO","Xcimer Energy leverages decades of research on Inertial Fusion Energy (IFE) combined with groundbreaking new laser architecture. Our mission is to deploy fusion power plants to meet global decarbonization goals as fast as possible. Xcimer has assembled a team of leaders in tough tech, fusion science, and manufacturing with a track record of rapid execution. Supported by leading investors, Xcimer i",n,n,us,,,
4435ea3a-ce26-4d3b-96b6-204a6e6bb77e,lever,usasurveyjob,Work at Home Data Entry Agent - Part Time,"Santa Rosa, California","Earn at Home by Taking Polls - Data Entry Clerk - Customer Service Rep - Work at Home & Part Time We are looking for people nationwide to participate in polls - Apply ASAP! We offer you the opportunity to earn extra income from home (teleworking) and also to decide your own participation schedule. At this job, you will be performing various tasks such as data entry, performing email response, re",n,n,us,,,
6e665b03-5f08-43a9-9d7c-8eca0cc5f61e,greenhouse,axogen,"Sr. Engineer, Quality","Vandalia, Ohio, United States","Axogen is committed to building and maintaining a strong and gratifying company culture that fosters professional growth. Our hands-on and personal approach makes transitioning to a new job a seamless and enjoyable process. Most benefits are effective on day one! Axogen is an equal opportunity employer and does not discriminate against applicants on the basis of race, color, creed, religion, ance",n,y,us,,,
d70c4989-0c18-4d04-8263-283eafe031bf,greenhouse,akunacapital,"Software Engineer Intern - C++, Summer 2027","Chicago, IL","About Akuna Akuna Capital is an innovative trading firm with a strong focus on collaboration, cutting-edge technology, data-driven solutions, and automation. We specialize in providing liquidity on a variety of exchanges across various asset classes, primarily as an options market maker. To do this successfully, we build and maintain our own low-latency technologies, including application framewo",y,n,us,,,
774647a7-4773-4749-921e-b0c5f18187e3,greenhouse,similarweb,Sales Development Representative,"Tel Aviv, Israel","At Similarweb, we are revolutionizing the way businesses interact with the digital world by revealing to them everything that happens online. Our unique data and solutions empower over 4,300 customers globally, including industry giants like Google, eBay, and Adidas, to make game-changing decisions that drive their digital strategies. In 2021, we went public on the New York Stock Exchange, and we",n,n,non_us,,,
91e958a0-0f65-46e5-8eec-c36d2c244462,lever,shieldai,"Applications Engineer, Learning & Development- Open Level (R5053)","Washington, D.C.","Shield AI is a venture-backed defense-tech company with the mission of protecting service members and civilians with intelligent systems. Its products include Hivemind autonomy software, V-BAT and X-BAT aircraft, and Aechelon simulation and synthetic reality technologies. With offices and facilities across the U.S., Europe, the Middle East, and Asia-Pacific, Shield AI’s technology actively support",n,n,us,,,Applications engineering in learning and development; technical scope unclear.
ade6f4f5-cd93-4c27-a27e-721519afa33c,greenhouse,tubi-canada,Senior Machine Learning Engineer,"Toronto, Canada (Hybrid)","## About the Role: The Machine Learning team at Tubi drives the innovation behind personalized user experiences. With the largest inventory in the industry and hundreds of millions of viewers, we tackle problems in the space of recommendations, search, content understanding and ads optimization that shape the future of streaming. We are seeking a highly skilled Senior Machine Learning Engineer t",y,y,non_us,,,
55cc8230-a185-4d25-8a8f-007da9f0abda,greenhouse,twitch,"Software Engineer I, Discovery","San Francisco, CA","## About Us Twitch is the world’s biggest live streaming service, with global communities built around gaming, entertainment, music, sports, cooking, and more. It is where thousands of communities come together for whatever, every day. We’re about community, inside and out. You’ll find coworkers who are eager to team up, collaborate, and smash (or elegantly solve) problems together. We’re on a q",y,n,us,,,
b764812f-5621-4515-993d-d94bea3f81c6,greenhouse,coherehealth,Staff Software Engineer,"Hyderabad, Telangana, India","## Opportunity Overview: This is a unique opportunity to join a high-caliber software engineering team that is experiencing rapid growth. You’ll play a key role in building impactful healthcare technology on a modern technology stack, with a focus on our core data and AI platforms. Your work will focus on enhancing the platform's key features, while also balancing scalability, reusability, and pe",y,y,non_us,,,
44f48291-f9b7-40df-aa5b-20b12ed4586e,lever,sunsrce,Automation Engineer - PLC programming and HMI design,"San Antonio, TX 78218","Mission Controls & Automation , a SunSource company, provides a full range of motor controls and electrical products to customers in the industrial, manufacturing, construction, pharmaceutical, and energy sectors. Our extensive network of global suppliers ensures that we offer complete solutions and meet customers’ tight timelines. www.mission-controls.com We are a fast paced, industrial automat",n,n,us,,,Industrial PLC/HMI automation rather than software product engineering.
f1e45c16-536c-4b69-bc08-8535a4e4f6ef,lever,synergyecp,Mid-Level Web Application Developer,"Washington, DC","NetServices (NSI) is an IT services firm with a long-standing reputation for delivering high-quality, cost-effective solutions to drive lasting results. Now operating as a subsidiary of Synergy ECP, NSI continues to stand out in a crowded contracting landscape through its agility, strong customer focus, and commitment to retaining exceptional talent. By taking on challenging IT initiatives, we cul",y,n,us,,,
5e389a08-85ad-4e33-bd7f-befc29e3fa8c,lever,enable,Project Manager,"Toronto, ON","Managing pricing and rebates shouldn’t be a hassle. Enable’s intelligent platform is built for the speed of today’s market, eliminating disconnects between pricing strategy and rebate execution. We help companies to increase profitability and simplify the complex with accurate, AI-powered insights, real-time performance monitoring, agreement optimization, and simplified rebate management. After s",n,n,us,,,
596d546f-1fb4-475e-acd1-670be002ba39,greenhouse,gruve,Security Consultant II,"Pune, Maharashtra, India","## About Gruve Gruve is an innovative software services startup dedicated to transforming enterprises to AI powerhouses. We specialize in cybersecurity, customer experience, cloud infrastructure, and advanced technologies such as Large Language Models (LLMs). Our mission is to assist our customers in their business strategies utilizing their data to make more intelligent decisions. As a well-fund",y,y,non_us,,,
dc7f8c33-c5eb-4400-8049-5b53fd7fc544,greenhouse,vast,"Manufacturing Engineer II, Environmental Test ","Long Beach, California, United States","Vast is developing next-generation space stations and space infrastructure using an incremental, hardware-rich, and low-cost approach. Vast is rapidly developing its multi-module Haven Station to ensure a continuous human presence in space for America and its allies, enabling advanced microgravity research and manufacturing, and unlocking a new space economy for government, corporate, and private",n,n,us,,,
0e870d12-6de1-4bc4-a275-f0b4ea9fe211,greenhouse,lucidmotors,Sr. Supplier Industrialization Engineer – Chassis Systems,"Southfield, MI","About Lucid At Lucid, we are creating exceptional mobility experiences through innovation to drive the world forward. Built on Lucid’s proprietary technology and software-defined vehicle architecture, our award-winning vehicles bring our “Compromise Nothing™” approach to the global automotive market. That means refusing to choose between performance and sustainability, design and engineering, amb",n,y,us,,,
4dce59fe-4c1b-426e-8d05-399ac93b7a21,greenhouse,disco,Legal Value Architect,Remote,"Your Impact The Legal Value Architect is a trusted advisor to partners at top-tier law firms and general counsels at major corporations. They bring litigation and eDiscovery domain expertise to DISCO's sales organization. They will lead operational discoveries, co-design financial business cases, and prove how DISCO’s technology directly improves law firm profitability and corporate efficiency. Th",n,n,unknown,,,
16cd6a7b-d721-401d-a689-76655e01091b,greenhouse,tripactions,"Fullstack Software Engineer II, Flights","New York, NY","Navan is reinventing corporate travel and expense management for millions of users worldwide. As a Fullstack Software Engineer II on the Flights team , you will build and scale the mission-critical web applications and engine that power how users search, book, pay for, and expense flight itineraries in seconds. You will be reporting to the Senior Engineering Manager of Flights Platform. The Fligh",y,y,us,,,
6b1b10e1-72e7-4b8c-9065-6bbfdf8f4d1f,greenhouse,databricks,Director of Engineering (Data Infrastructure),"Bengaluru, India","(P-1490) Databricks processes petabytes of data and billions of transaction events daily - every cluster launch, every query executed, every dollar billed flows through infrastructure that must never fail. When we process billions in billing transactions with 99.999% accuracy requirements, when we ingest terabytes per second across 100+ regions, when a five-minute outage costs millions in revenue",y,y,us,,,
4d0b1d53-8bf6-4ff0-a94d-98f883a99109,greenhouse,parametrix,Senior Traffic Engineer,"Albuquerque, New Mexico, United States; Las Vegas, Nevada, United States; Sandy, Utah, United States","## About Parametrix Parametrix is a 100% employee-owned consulting firm helping clients deliver resilient infrastructure, vibrant and livable communities, and environmentally sustainable solutions. We are a team of professional construction managers, engineers, management consultants, planners, scientists, and surveyors dedicated to delivering outstanding client service. We build lasting partners",n,y,us,,,
e3d39727-dc25-4fb5-b9b9-b4d3f913f45b,greenhouse,coretelligent,"Senior Field Engineer - Stamford, CT","Stamford, Connecticut, United States","**Candidate MUST be located in, near or within commutable distance of the Stamford, CT Area** At Coretelligent, we take ownership of the technology our clients rely on every day. We partner with growing, highly regulated organizations that need secure, dependable IT environments built to scale. Our role goes beyond support. We bring structure, clarity, and accountability to complex technology la",y,y,us,,,Field IT engineering scope appears infrastructure-focused.
c1713e21-bf7e-4ed6-8afe-b7fadf3c563c,ashby,pulse,Software Engineer,San Francisco,"## Overview Pulse is tackling one of the most persistent challenges in data infrastructure: extracting accurate, structured information from complex documents at scale. We have a breakthrough approach to document understanding that combines intelligent schema mapping with fine-tuned extraction models where legacy OCR and other parsing tools consistently fail. We are a small, fast-growing team of",y,n,us,,,
de695234-5962-457b-98e2-d416a31e1c18,greenhouse,pep,Account Executive - Data Asset Management/Content Management,"Cincinnati, Ohio, United States","## About WPP pep is part of WPP , the trusted growth partner for the world's leading brands. Powered by exceptional talent and our agentic marketing platform WPP Open, WPP unites cutting-edge media intelligence and data solutions, creativity, production, enterprise solutions and expert strategic counsel. ## Who is pep: pep started with 7 employees, a borrowed conference room, and an idea to fil",n,n,us,,,
6bef0460-b830-4e42-8ec2-3f7085ec58ec,greenhouse,teletrackingtechnologiesinc,Machine Learning Engineer III,"Pittsburgh, PA","## About us TeleTracking began with a simple but powerful belief that no one should wait for the care they need . More than a slogan, it’s a promise to continually improve healthcare. TeleTracking builds groundbreaking technology incorporating deep clinical expertise . Our solutions are used in the nation’s largest healthcare systems and around the world to positively impact patients, families a",y,y,us,,,
87e3e7b2-07ab-4096-b07d-c1210216043f,ashby,pointr,Senior Product Manager,London Office,"## Our Story Pointr is the market leader in Indoor Mapping, Location and Analytics and the inventor of AI-based map production. Its innovative (20+ patents) Pointr Maps™ platform is used by millions of users across offices, retail locations, airports, hospitals, and more every month. As the top choice of Fortune 100 customers and billions of sqft. deployed globally (30+ countries), Pointr is alw",n,y,us,,,
b3f9da5d-bc91-4881-9834-617768b1cd3b,lever,boxlunch,Seasonal Sales Associate,"Smithfield, NC","Join the loudest store in the mall! We're looking for music and pop culture fanatics to help create the best experience for our customers. As a Hot Topic Seasonal Sales Associate, you'll be a huge part of our success by providing the best customer service, ensuring that fellow fans can get their hands on the merch they love. You'll share your fandom knowledge, stock and replenish products, and hel",n,n,us,,,
ca980e76-4f2f-4d84-be92-7806eb2a27a4,greenhouse,bluemoonmetals,Project Engineer - Springer Mine & Milling Complex,"Reporting to the Springer Mine & Milling Complex, Imlay, Nevada","Location: Remote or hybrid, based in Northern Nevada, USA. Preferably Elko, Reno, Winnemucca or Lovelock ## Department: Project Management Office ## Reports To: Springer Project Director ## Employment Type: Full-Time The Project Engineer will provide engineering, project development, cost estimating, and technical coordination support for mining projects and associated infrastructure. The role",n,n,us,,,
4065d2dc-44a3-4e31-86dd-75cdb5c5d6a8,greenhouse,lumimeds,Graphic Designer - South America,Remote - Mexico,"## About LumiMeds LumiMeds is a fast-growing U.S.-based telehealth startup focused on weight management and long-term metabolic health. We are building the next generation of e-commerce and clinical infrastructure from the ground up. As an early-stage company, we move quickly, operate with limited layers, and expect high ownership from every team member. There is no bureaucracy here — decisions",n,n,us,,,
2de56cf7-c5d5-466e-b9d0-a8c9c806ecad,greenhouse,dvtrading,C++ Software Engineer (DV Commodities - London),London,"## About Us : Founded 20 years ago and headquartered in Chicago, the DV Group of financial services firms has grown to more than 600 people operating throughout North America, Europe and Asia. Since spinning out of a large brokerage firm in 2016, DV Trading has rapidly scaled as an independent proprietary trading firm utilizing its own capital, trading strategies, and risk management methodologie",y,n,non_us,,,
e3e32ad4-1f47-4ae2-8638-74259e79744a,greenhouse,svetness,"Personal Trainer - Palm Bay, FL","Palm Bay, FL","Are you a dedicated and motivated personal trainer looking to make a significant impact on individuals' lives? We are actively seeking exceptional trainers to join our team and deliver personalized fitness experiences in the comfort of our clients' homes. Join us and be a part of a dynamic community that values your expertise, provides flexibility, and supports your professional growth. Join Our",n,n,us,,,
aa196089-9773-445c-92cc-7850ab6345e7,ashby,sprinter-health,"Travel Mobile Phlebotomist  (Temporary, Full-Time)","Atlanta, GA","## About Us At Sprinter Health, our mission is to reimagine how people access care by bringing high-quality care directly into the home. Using the same technology that powers leading marketplace platforms, we deliver care where people are, especially those who need it most. We’ve supported millions of patients across 22 states and consistently maintained a 90+ NPS, reflecting the quality and expe",n,n,us,,,
a2e8b283-c921-40c9-a6be-684081ccc9f6,greenhouse,quantifind,Solution Engineer,"New York City, NY or Boston, MA","## Who You Are You are dedicated to discovering the needs of your customers and matching them with the right product solutions. You care deeply about technology, but just as strongly about the workflow and processes that bring it to life. You can present technical concepts to stakeholders at all levels, adjusting to your approach to the audience at hand. You possess a high attention to detail but",y,n,us,,,Customer solutions role is technical but may be sales engineering.
1598dcf1-a818-4d5f-bafd-db3e5cc0b7e7,greenhouse,internaljobsatlush,Part Time Floor Leader - Maine Mall,"South Portland, Maine, United States","Position: Part Time Floor Leader Weekly: 20-29 hours Interview Plan Floor Leader As a Floor Leader, you'll play a vital role in supporting the Store Management Team across all areas of the business. This includes everything from driving sales and opening/closing the store to analyzing sales results and leading training sessions. Together with your fellow leaders, you'll work to ensure that eve",n,n,us,,,
f0e0361e-6873-4ddd-927b-cb3a0b516888,greenhouse,olsson,Licensed Transportation Engineer - Traffic Technology,"Fayetteville, AR; Little Rock, AR","## Company Description We are Olsson. We engineer and design solutions that improve the world around us. As a company, we promise to always be responsive, transparent, and focused on results – for our people, our clients, and our company. We’re a people-centric firm, so it’s no surprise our greatest asset is our people. The impact this creates is an environment that encourages our people to grow",n,n,us,,,
aac3c8c2-c1dd-4c75-957d-d09a20473fd3,greenhouse,bluefishai,Senior AI Engineer,"Berlin, Remote in Germany","## About the Position As a Senior AI Engineer, you'll spearhead the development of LLM-powered products at the forefront of marketing and advertising technologies. Utilizing your expertise in machine learning, large language models, and natural language processing, you'll play a pivotal role in designing, implementing, and enhancing our range of AI-driven solutions. You'll hold direct responsibi",n,y,non_us,,,
2aac5a1b-aab7-49cb-8261-c5d92bfdc5c5,greenhouse,urbancompass,Senior Security Engineer II,"Seattle, Washington, United States","At Compass, our mission is to help everyone find their place in the world. Founded in 2012, we’re revolutionizing the real estate industry with our end-to-end platform that empowers residential real estate agents to deliver exceptional service to seller and buyer clients. ## Senior Security Engineer, Cloud Security ## Security @ Compass We are hands-on security engineers helping to build secure",y,y,us,,,
3615fae5-b711-4984-af26-4a17bd2f70d3,greenhouse,stripe,"Security Engineer, ACE","Dublin, Ireland","## Who we are ## About Stripe Stripe is a financial infrastructure platform for businesses. Millions of companies—from the world’s largest enterprises to the most ambitious startups—use Stripe to accept payments, grow their revenue, and accelerate new business opportunities. Our mission is to increase the GDP of the internet, and we have a staggering amount of work ahead. That means you have an",y,y,non_us,,,
c91a1b67-3385-448d-8b01-63f4cede9a84,greenhouse,payoneer,Senior DevSecOps Engineer,"Gurugram, India","## About Payoneer Founded in 2005, Payoneer is the global financial platform that removes friction from doing business across borders, with a mission to connect the world’s underserved businesses to a rising global economy. We’re a community with over 2,500 colleagues all over the world, working to serve customers, and partners in over 190 countries and territories. By taking the complexity out",y,y,non_us,,,
7b090c27-9650-4aba-aa2f-671286578b4b,greenhouse,chime,Business Control Manager,"Chicago, IL, USA; New York, NY, USA; San Francisco, CA, USA","## About the role We are hiring a Business Control Manager to join our Compliance team at Chime, where you will be responsible for strengthening the first line of defense by partnering with business units to ensure they operate in compliance with all applicable regulatory requirements and internal policies. You will own the control environment for an assigned Business Unit (identifying risks, des",n,n,us,,,
d632c5ce-d813-41d4-8893-8e2007064677,greenhouse,etec,Job ID 197 - Senior Software Analyst (Python Backend Developer),"ECIL, Hyderabad","## We exist to make it better. We’re a new generation software company based in Hyderabad, helping to scale digital businesses to disrupt global utility retail markets. We provide technology development, customer experience and process optimisation services to support our award-winning utility retailers in New Zealand and Australia. It’s an exciting time where traditional utilities need to innov",y,y,non_us,,,
43bdbfac-28f8-45d6-93e1-d8f6f3e2806b,lever,convergentresearch,Oath Technologies  - Formal Methods Research Engineer,"Berkeley, CA","About Oath Technologies Oath Technologies is a new research organization building tools for oversight of advanced AIs. As AIs become more powerful, it will become more difficult to understand and monitor their behavior. Oath is building oversight tools based on formal verification: rather than monitor AIs directly, humans define unambiguous rules, and AIs must provide trustworthy mathematical evi",y,n,us,,,
960b9f26-52c3-47b6-8f91-f90672aa557c,greenhouse,geotab,Senior Software Developer,"Oakville, Ontario - Canada","## Who we are: Geotab ® is a global leader in IoT and connected transportation and certified “Great Place to Work™.” We are a company of diverse and talented individuals who work together to help businesses grow and succeed, and increase the safety and sustainability of our communities. Geotab is advancing security, connecting commercial vehicles to the internet and providing web-based analytics",y,y,non_us,,,
38157a71-c638-46a2-982e-75c1513d9430,greenhouse,figure,Customer Success Associate,"Dallas, TX","## About Figure Figure Technology Solutions, Inc. (Nasdaq: FIGR; OPEN: FGRS) is the leading blockchain-native capital marketplace for the origination, funding, sale and trading of tokenized assets. More than 480 partners use its loan origination system and capital marketplace. Collectively, Figure and its partners have originated over $30 billion of loans to date, among other products. The fastes",n,n,us,,,
8676c52a-968e-4fcc-9db1-428157bebcd6,lever,tsmg,AI/ML Data Contributor,"Birmingham, AL","Project Overview We are currently hiring AI/ML Data Contributors to support a range of active and upcoming projects across the United States. In this role, you will participate in tasks that help improve machine learning models, including data labeling, content evaluation, and user-based testing. Projects may vary in scope and format, offering both remote and in-person opportunities (such as devi",n,n,us,,,"AI data contribution is annotation/testing, not engineering."
745c67f1-936a-41ee-a0c2-6de79c96bea9,greenhouse,cpisecurity,Customer Support Supervisor ,"Charlotte, North Carolina, United States","CPI Security, headquarted in Charlotte, NC, is looking for a Customer Support Supervisor, in office, full-time. At CPI Security, our Customer Support team plays a critical role in helping customers protect what matters most. As a Customer Support Supervisor, you’ll lead a team of Customer Support Advisors, support day-to-day call center operations, and help ensure every customer interaction reflec",n,n,us,,,
8a9a7625-0802-4d49-a0bf-4b0fd0985379,lever,boxlunch,Sales Associate,"Spokane, WA","Get some, give back! We're looking for pop culture fanatics to help create the best experience for our customers. We’re on the search for a Sales Associate that will help lead our civic minded, pop culture driven brand. As a BoxLunch Sales Associate, you'll be a huge part of our success by providing the best customer service, ensuring that fellow fans can get their hands on the merch they love. Y",n,n,us,,,
850fd07a-bf7b-4cf1-a66f-f4050d11e44d,lever,getlabs,Mobile Phlebotomist - PRN,"Washington, D.C.","Getlabs is the leading platform for at-home diagnostics. Healthcare organizations use Getlabs to send mobile phlebotomists to patients’ homes and collect labs, vitals, and advanced diagnostics. By leveraging Getlabs, partners can improve patient adherence and close gaps in care with same-day, nationwide availability. Our team has raised $50M from strategic investors including the two largest dia",n,n,us,,,
446e9669-bc64-4d3a-934d-01b135161b62,greenhouse,examplecorpsandbox,Project Manager Data Analysis X,"Berlin, Germany","*** This is where your organization can create a consistent intro to all of your jobs, creating consistency in voice and messaging across all job posts *** C'est ici que votre organisation peut créer une introduction cohérente à tous vos emplois, en créant une cohérence dans la voix et la messagerie dans tous les postes. PLEASE NOTE: THIS IS NOT A REAL JOB, IT IS FOR DEMONSTRATION PURPOSES ONLY.",n,n,us,,,
ed2a346f-5f18-4e7b-a5a7-32073194d81e,amazon,amazon,"Software Development Engineer, Software Defined Network Controller, Amazon LEO ","Redmond, Washington, USA","## Description About the team The Software Defined Network (SDN) controller team is building the brain driving the Leo Network. Innovation is in our DNA and we tackle the problems presented by a dynamic network at global scale. It is our responsibility to ensure that the network works and our customer has a one-of-a-kind experience using our service. Our team will design, implement and operate th",y,y,us,,,
9d31dbd5-306b-42ab-ae27-2fd8f1966968,amazon,amazon,"Software Development Engineer, Amazon Quick","Seattle, Washington, USA","## Description Are you interested in building AWS AI services that use ML and LLM technology? Amazon is growing, and we need Software Development Engineers who move fast, are capable of breaking down and solving complex problems, and have a strong will to get things done. This is an opportunity to work with an experienced team of engineers and scientists on an innovative AI service within the Inf",y,y,us,,,
b72754fa-d833-4357-902b-5b045a6f892d,greenhouse,svetness,Personal Trainer,"Harrisonville, NJ","Are you a dedicated and motivated personal trainer looking to make a significant impact on individuals' lives? We are actively seeking exceptional trainers to join our team and deliver personalized fitness experiences in the comfort of our clients' homes. Join us and be a part of a dynamic community that values your expertise, provides flexibility, and supports your professional growth. Join Our",n,n,us,,,
e2dd1c7c-5ad8-4d6a-8de2-81c626d9a010,lever,Onehouse,"Staff Software Engineer, Open Source (US)","Sunnyvale, CA","## About Onehouse Onehouse is a mission-driven company dedicated to freeing data from data platform lock-in. We deliver the industry’s most interoperable data lakehouse through a cloud-native managed service built on Apache Hudi. Onehouse enables organizations to ingest data at scale with minute-level freshness, centrally store it, and make available to any downstream query engine and use case (f",y,y,us,,,
5265c16b-300e-4618-bec3-c446f6d45b51,greenhouse,axle,Director of Data Solutions,"Rockville, MD","(ID: 2026-1572) Axle is a bioscience and information technology company that offers advancements in translational research, biomedical informatics, and data science applications to research centers and healthcare organizations nationally and abroad. With experts in biomedical science, software engineering, and program management, we focus on developing and applying research tools and techniques t",n,n,us,,,
a0afad67-20ca-4a18-b355-b5752393fa2e,greenhouse,zoominfo,Data Engineer III,"Toronto, Ontario, Canada","ZoomInfo is where careers accelerate. We move fast, think boldly, and empower you to do the best work of your life. You’ll be surrounded by teammates who care deeply, challenge each other, and celebrate wins. With tools that amplify your impact and a culture that backs your ambition, you won’t just contribute. You’ll make things happen–fast. The Data Engineer III is a core builder on the Strategi",y,y,non_us,,,
c927acfb-76e4-4191-b6ce-9c370b7679d4,greenhouse,rightship,Systems Agentic Engineer,"Hanoi, Vietnam","## The Company RightShip is the maritime industry's leading safety and risk intelligence platform. We exist to advance the vision of a Zero Harm maritime industry by enabling better safety decisions across the ecosystem. By combining trusted standards, AI-native technology, rich maritime data and industry expertise, RightShip transforms complex safety and operational risk into intelligence our c",y,n,non_us,,,
a882c5c9-ba7d-4cd3-85f0-dd5966c8654a,greenhouse,netskope,"Principal Engineer, Secure Web Gateway","Santa Clara, California, United States","## Join the Future of Security at Netskope Netskope (NASDAQ: NTSK) is a leader in modern security and networking for the cloud and AI era. We secure and accelerate cloud, data, and AI in real time, everywhere. Thousands of customers, including more than 30 of the Fortune 100, trust the Netskope One platform, its Zero Trust Engine, and the powerful NewEdge network to gain full visibility and contr",y,y,us,,,
988da891-ce5e-4288-98c5-67eb868903ec,greenhouse,avetta,Supplier Success Professional (B2B Customer Support),"Newcastle, New South Wales, Australia","Avetta is building the largest global community of hiring clients and suppliers that are Ready to Work. Its unified platform streamlines compliance, prequalification, safety and performance benchmarking in a single, integrated experience. Trusted by 360,000 businesses across more than 120 countries, Avetta blends AI-driven insights and human expertise to close risk gaps and strengthen supplier rel",n,n,non_us,,,
9de51b8a-648e-47d0-b359-4284e2c152ef,greenhouse,sohohouseco,Bar Manager TLV,"Tel Aviv-Yafo, Tel Aviv District, Israel","## Bar Manager : Soho House Tel Aviv We are looking for an experienced, hands-on Bar Manager to lead the bar operation at Soho House Tel Aviv, ensuring excellent service, strong team leadership and smooth daily operations. ## Key Responsibilities - Lead the daily bar operation and maintain high service standards. - Manage, motivate and develop the bar team. - Ensure a warm, knowledgeable and co",n,n,non_us,,,
0e28f92d-e412-43b4-921d-1e44e94d701e,greenhouse,charterup,Senior Software Engineer - Full Stack,"Austin, TX","About CharterUP. CharterUP is transforming the $450+ billion group transportation and mobility market with an AI native platform that powers modern charter, shuttle, and emerging autonomous vehicle operations. Trusted by many Fortune 500 companies, CharterUP connects enterprises, institutions, and event organizers to thousands of bus operators nationwide, while increasingly serving as the operatin",y,y,us,,,
d6f59b9e-4b3b-4c7a-8017-3896a4ade98c,ashby,wayve,Technical Program Manager ,"Herzliya, Israel","Before the detail, here's the challenge you'd help us solve. We build the embodied intelligence that moves real vehicles safely, and the ecosystem a billion machines will run on in the future. Very few people in AI can say this. Every role here, whatever the team, plugs into that. Here’s what this particular role covers. ## The role As a Technical Program Manager at Wayve, you'll lead complex,",n,y,non_us,,,
738f4d00-eff0-4acb-bad7-e2173b4249c1,greenhouse,plume,Sales Director,Europe,"## Life at Plume At Plume, we believe that technology isn't about moving faster, it's about making life’s moments better. Which is why we’ve built the world's first, and only, open and hardware-independent service delivery platform for smart homes, small businesses, enterprises, and beyond. Our SaaS platform uses WiFi, advanced AI, and machine learning to create the future of connected spaces—and",n,y,non_us,,,
0724d14d-f8e7-4b2d-8b30-4f63c0cd2387,greenhouse,anthropic,"Manager, Applied AI Engineering,  Beneficial Deployments (Life Sciences)","San Francisco, CA | New York City, NY","## About Anthropic Anthropic’s mission is to create reliable, interpretable, and steerable AI systems. We want AI to be safe and beneficial for our users and for society as a whole. Our team is a quickly growing group of committed researchers, engineers, policy experts, and business leaders working together to build beneficial AI systems. ## About the role: Biology is the area where scientific",y,y,us,,,
78ab8033-4777-4608-bbed-37e23196246e,ashby,retell-ai,Senior Forward Deployed Engineer (Mandarin Fluency Required),San Francisco Bay Area,"## ABOUT RETELL AI Retell AI is using first-principles thinking to reimagine the call center with cutting-edge voice AI. Thousands of companies now use Retell's AI voice agents to handle sales, support, and logistics calls that once required large teams of human agents. Backed by Y Combinator, Alt Capital, and other leading investors, we've scaled to $80M in ARR with a team of 50, up from $5M at",y,y,us,,,
84734e82-0b9f-4d10-840e-c6a33a1bdf67,greenhouse,privateequityinsights,Head of Conference Operations,"London, United Kingdom","This role offers you the opportunity to own the operational standard of every conference we run. You will be responsible for the end-to-end execution of 10 European private equity conferences a year - venues, suppliers, on-site teams, and the experience itself. Do you want to take part in defining the future of an industry? Do you thrive in a fast-paced environment, where you gain a tremendous am",n,y,non_us,,,
4e252fd1-0250-44f4-b97e-a16ad0509f0b,greenhouse,workato,Staff Product Manager (Developer tools),"San Francisco, California","## About Workato Workato is the leading Control and Execution Platform for Enterprise AI — the neutral platform enterprises trust to put AI to work across their business. Workato unifies data, applications, and processes into a single platform so AI can reliably orchestrate business processes in production at enterprise scale. Built on more than a decade of running mission-critical processes for",n,y,us,,,
3f09a1ae-613a-4756-a354-5801bad9e8db,lever,usasurveyjob,Work at home Data Entry Clerk - Part Time,"Portland, Oregon","Earn at Home Panelist Program - Customer Service Rep - Data Entry Clerk - Work from Home & Part-time We are presently looking for on-line support in our work at home Panelist Program. This is a legit opportunity for someone who takes pleasure in sharing point of views concerning products, services and also trends in todays market area. As a Team Member, you will certainly be doing numerous work s",n,n,us,,,
c279b72a-840c-4be8-87a8-d70da6c99d24,greenhouse,stage,"Associate, Third Party Reinsurance Management","Des Moines, IA","## COMPANY OVERVIEW KKR is a leading global investment firm that offers alternative asset management as well as capital markets and insurance solutions. KKR aims to generate attractive investment returns by following a patient and disciplined investment approach, employing world-class people, and supporting growth in its portfolio companies and communities. KKR sponsors investment funds that inve",n,n,us,,,
0122da2d-aa8a-4861-9626-80a3baa5abf3,lever,CesiumAstro,"Guidance, Navigation, & Control (GNC) Engineer II","Westminster, CO","Please Note: To conform with the United States Government Space Technology Export Regulations, the applicant must be a U.S. citizen, lawful permanent resident of the U.S., conditional resident, asylee or refugee (protected individuals as defined by 8 U.S.C. 1324b(a)(3)), or eligible to obtain the required authorizations from the U.S. Department of State. At CesiumAstro , we are developers and pio",n,y,us,y,,
6e145268-ebeb-41d9-8ac7-b533b6ea251a,greenhouse,rtbhouse,Engineering Team Leader - Platform Engineering,"Warsaw, Masovian Voivodeship, Poland","## Location: Poland ## We Are: RTB House is a next-generation performance demand-side platform (DSP) that uses proprietary Deep Learning AI algorithms to help brands grow. The company is the market leader in driving performance using Deep Learning across the entire purchase funnel. Founded in 2012, and now operating in 90+ markets, RTB House has always been private-by-design. It embraces first-",y,y,non_us,,,
f2c5a3ef-a405-4905-9fef-5f7f1d6f5a59,greenhouse,xometry,"Senior Paralegal, Corporate and Compliance","North Bethesda, MD",Xometry (NASDAQ: XMTR) powers the industries of today and tomorrow by connecting the people with big ideas to the manufacturers who can bring them to life. Xometry’s digital marketplace gives manufacturers the critical resources they need to grow their business while also making it easy for buyers at Fortune 1000 companies to tap into global manufacturing capacity. This Paralegal will provide a b,n,n,us,,,
24a9ed06-979e-4bac-83b1-bce935f5563c,lever,usasurveyjob,Work at Home Data Entry Agent - Part Time,"Las Vegas, Nevada","Earn at Home by Taking Polls - Data Entry Clerk - Customer Service Rep - Work at Home & Part Time We are looking for people nationwide to participate in polls - Apply ASAP! We offer you the opportunity to earn extra income from home (teleworking) and also to decide your own participation schedule. At this job, you will be performing various tasks such as data entry, performing email response, re",n,n,us,,,
94891a13-8f5d-43a5-81c2-ece63270bfd6,greenhouse,lighthouse,Lead Platform Engineer,"Ghent, Belgium","Our Mission: Why Lighthouse? At Lighthouse, we’re on a mission to revolutionize commercial strategy as hospitality’s most powerful AI platform. We take the world's largest hotel data network and transform it into real-time intelligence that drives action. We don't just deliver insights; we empower businesses to make decisions that move revenue. With $370M in Series C funding and over $100M in AR",y,y,non_us,,,
98f21daa-2dc4-47b2-b947-c8da22db78a3,greenhouse,carvana,Automotive Airbrush Technician (2nd Shift),"Tolleson, AZ","We’re looking for Airbrush Technicians with a minimum of 1 year of professional automotive painting experience to join us at Carvana - the fastest-growing used automotive retailer in U.S. history and one of the four fastest companies to make the Fortune 500. As an Airbrush Technician, you’ll be expected to color-match, mix paint, and airbrush vehicles. At Carvana, you’ll receive a competitive wage",n,n,us,,1,
d7a8d34f-11d8-4d2f-ba9a-fe2b32a009a1,ashby,parafin,Platform Growth Lead,"San Francisco, CA","## About Us: At Parafin, we’re on a mission to grow small businesses. Small businesses are the backbone of our economy, but traditional banks often don’t have their backs. We build tech that makes it simple for small businesses to access the financial tools they need through the platforms they already sell on. We partner with companies like DoorDash, Amazon, Worldpay, and Mindbody to offer fast a",n,y,us,,,Platform growth is commercial rather than platform engineering.
af9a64b7-3f32-4abe-b1ad-d6c52dba112f,greenhouse,lanesplanes,Tourismuskaufleute (w/m/d) - Business Travel - Nachtschicht,Germany ,"## Deine Position Als Business Travel Consultant (w/m/d) bist du gemeinsam mit deinen Kollegen der Ansprechpartner unserer Kunden bei allen Fragen, Wünschen und Problemen in unserem Reise-Tool während der Nachtschicht. Dabei hast du die Möglichkeit, vor Ort in München oder lieber remote von einem anderen Ort in Deutschland zu arbeiten und unterstützt unser Team in der Nacht. ## Dein Arbeitsallta",n,n,non_us,,,
3eb3070f-0d7f-451e-b1d0-6aed7202447d,ashby,cogent-security,Cogent AI Fellowship,"San Francisco, CA","## About Cogent Cogent is an Applied AI Lab building the next generation of AI agents for cybersecurity. AI has fundamentally changed how attacks happen, allowing malicious actors to operate at unprecedented speed and scale. Cogent’s ""AI Taskforce"" assesses petabytes of enterprise data to remediate these issues before critical breaches occur. To stay at the cutting edge, we blend frontier resear",y,n,us,,,Fellowship excerpt does not establish whether this is employment or study.
39a4762e-85a1-4ec8-878e-cbf53d0b627d,greenhouse,schubergphilis,Windows DevOps Engineer,"Schiphol-Rijk, North Holland, Netherlands","Bij Schuberg Philis werken we aan mission-critical IT. Samen met onze klanten zorgen we ervoor dat hun meest essentiële systemen stabiel, veilig en continu beschikbaar zijn – met 100% verantwoordelijkheid. Onze impact komt van engineers die diep technisch zijn, automatiseren waar mogelijk, platform overstijgend werken. en volledige end-to-end ownership nemen. Voor onze klantteams zoeken we engine",y,n,non_us,,,
cc2cd466-5220-43f4-a80e-2c27db42b102,ashby,bynder,Enterprise Customer Success Manager,"San Carlos, CA","At Bynder, we don’t just store creative assets; we enable brands to deliver exceptional content experiences that drive business impact. In an era of exploding content volume and complexity, the world’s most iconic brands, including Spotify, Campari, and Lacoste , trust Bynder as their single source of truth for creative content . Our industry-leading DAM platform serves as the strategic engine fo",n,y,us,,,
e7d700ce-f84b-4072-b218-0fedc2ae30b6,greenhouse,queracomputinginc,Postdoctoral Fellow - Applied Machine Learning in Quantum Systems,"Boston, MA  USA","## Summary This role focuses on developing computational methods for in-the-loop stabilization of neutral atom Logical Quantum Processing Units (LQPUs). The position sits at the interface of quantum hardware and control systems, supporting both near-term experimental performance and the long-term development of control architectures for stable, fault-tolerant computing. The successful candidate",y,n,us,,,
b006829d-f5c3-4fdb-b399-ebcbd9bc88ad,lever,spineandsportsmed,Patient Coordinator,"Middletown Township, NJ",SportsMed Physical Therapy is a leading Physical Therapy Practice in Northern New Jersey and we are seeking a Patient Coordinator to join our growing team. Our facilities feature state of the art equipment focused on outpatient sports medicine and orthopedic conditions. Our mission is to make each of our therapy centers a patient friendly and welcoming environment to all clients and visitors. As a,n,n,us,,,
56334cab-ade2-4aa5-af75-a1f56c44a2d1,greenhouse,five9,"Senior Software Engineer in AI - FrontEnd React/Redux, Java","India, Bengaluru (Hybrid)","Join us in bringing joy to customer experience. Five9 is a leading provider of cloud contact center software, bringing the power of cloud innovation to customers worldwide. Living our values everyday results in our team-first culture and enables us to innovate, grow, and thrive while enjoying the journey together. We celebrate diversity and foster an inclusive environment, empowering our employee",y,y,non_us,,,
bd198c99-0354-4d1a-85b5-86cbac86f942,ashby,synthesia,Customer Support Associate,New York City,"Synthesia is the world’s leading AI video platform for business, used by over 90% of the Fortune 100. Founded in 2017, the company is headquartered in London, with offices and teams across Europe and the US. As AI continues to shape the way we live and work, Synthesia develops products to enhance visual communication and enterprise skill development, helping people work better and stay at the cen",n,n,us,,,
3c0ec860-52d1-4fc8-8f3b-f4124ae870f0,ashby,sprinter-health,Data Analyst - Billing Systems,"Menlo Park, CA","## About Sprinter Health: At Sprinter Health, our mission is reimagining how people access care by bringing it directly to their homes. Nearly 30% of patients in the U.S. skip preventive or chronic care simply because they can’t get to a doctor’s office. For many, the ER becomes their first touchpoint with the healthcare system—driving over $300B in avoidable costs every year. By using the same",y,n,us,,,
70515840-150b-46b3-965e-7b72118eb2c8,lever,boxlunch,Seasonal Sales Associate,"Louisville, KY","Join the loudest store in the mall! We're looking for music and pop culture fanatics to help create the best experience for our customers. As a Hot Topic Seasonal Sales Associate, you'll be a huge part of our success by providing the best customer service, ensuring that fellow fans can get their hands on the merch they love. You'll share your fandom knowledge, stock and replenish products, and hel",n,n,us,,,
606173e7-bb49-4587-9999-b2f6cac55b7e,greenhouse,brex,"Director of Product, Growth/AI","New York, New York, United States","## Why join us Brex is the intelligent finance platform that enables companies to spend smarter and move faster in more than 200 markets. By combining global corporate cards and banking with intuitive spend management, bill pay, and travel software, Brex enables founders and finance teams to accelerate operations, gain real-time visibility, and control spend effortlessly. Brex’s AI-native automat",n,y,us,,,
3e64f8c9-6dbf-4690-bba6-57d1e15ce65b,ashby,jobs-page-4dc2685b-eb82-46d1-a3f9-1f0764dba814,Product Counsel @ Solace Health,Remote,"## Solving Healthcare Complexity for Every Patient ## Redefining Access and Advocacy in U.S. Healthcare Solace is seeking a Product Counsel to serve as a key legal partner to its Product and Engineering teams. In this role, you will advise across the entire product lifecycle—from early design through launch—ensuring legal risk is identified and addressed proactively. Reporting to the Head of Com",n,n,us,,,
662e65be-2c48-48c0-9552-83174906b77f,lever,usasurveyjob,Remote Data Entry Clerk - Work at Home,"Bendigo, Victoria","Earn cash at Home by Participating in Paid Studies - Data Entry agent - Customer Service Agent - Part-time We are seeking people across the country to join paid surveys - Apply ASAP! We provide you the chance to make extra income from home (remotely) and also to choose your own participation schedule. At this task, you will be executing various jobs such as data entry, executing email response,",n,n,non_us,,,
5b9a854c-5b51-4902-8197-b495fd340e83,lever,kpler,"Deal Desk Specialist, Revenue Operations",Singapore,"At Kpler, we are dedicated to helping our clients navigate complex markets with ease. By simplifying global trade information and providing valuable insights, we empower organisations to make informed decisions in commodities, energy, and maritime sectors. Since our founding in 2014, we have focused on delivering top-tier intelligence through user-friendly platforms. Our team of over 850 experts",n,n,non_us,,,
4c5c5717-908c-49f2-a54f-8e9a33ef600e,ashby,limbic,ABM & Marketing Executive,UK,"Reporting to: UK General Manager Location: London / UK hybrid or remote Level: Junior / Early career ## About us We are a clinical AI company with a clear mission: using evidence-based clinical AI to make quality mental healthcare accessible to everyone, everywhere. We believe technology can play a meaningful role in improving access to mental healthcare, reducing pressure on overstretched serv",n,y,non_us,,,
8e042352-9820-46ec-88e5-e850655ab606,ashby,artie,Product Engineer,San Francisco,"## About Artie Artie is a fully-managed real-time data streaming platform that replicates production databases into data warehouses and lakes - in real time, with zero maintenance. We make high-volume data replication simple, reliable, and scalable for engineering teams. Our platform powers mission-critical use cases including fraud and risk monitoring, inventory visibility, customer-facing anal",y,n,us,,,
533d932b-7807-40f5-846b-8cb2e0985959,lever,verkor,Ingénieur Automatisme & Contrôle / Logistics Process Control Engineer  H/F,"Bourbourg, Hauts-de-France","Nous sommes actuellement à la recherche d'un.e Ingénieur.e Automation & Control au sein de notre équipe Process Formation (cycles de charges/décharges contrôlés des cellules de batteries). En tant que tel.le, vous êtes chargé.e de concevoir, de mettre en œuvre et d'optimiser les systèmes automatisés de manutention et de contrôle des matériaux qui soutiennent les opérations de formation. Ce poste",n,n,non_us,,,
cd9ce6fd-8fbb-44c9-850f-5496ad95e4ee,greenhouse,datavant2,Area Health Information Specialist I,"Columbus, OH 43210  ","Datavant is the data collaboration platform trusted for healthcare. Guided by our mission to make the world’s health data secure, accessible and actionable, we provide critical data solutions for organizations across the healthcare ecosystem - including providers, health plans, researchers, and life sciences companies. From fulfilling a single patient’s request for their medical records to powerin",n,n,us,,,
90c6727c-d1a5-4059-9a37-0086fdc3d80e,ashby,temporal,"Staff Software Engineer, Observability","Washington, District of Columbia","## Role Summary We have an opening for a Staff Software Engineer on our Infrastructure Team, with specific focus on Observability - both internal and customer-facing . This is an opportunity to join a mission-critical engineering team that is driving the productivity and reliability of Temporal’s developers and core platforms, respectively. We are a passionate team of talented developers who trul",y,y,us,,,
93f1b101-57ae-4ef2-8857-45990e20fa3f,greenhouse,pmc,PMC: Principal Analytic Engineer,California - Los Angeles Office,"PMC is seeking a Senior Analytic Engineer to help shape how data is sourced, integrated, and structured within our data warehouse, ensuring it is consistent, trusted, and usable for decision-making across PMC. This role sits at the intersection of analytics engineering and data engineering, with responsibility for helping build and maintain the data models, transformation workflows, and quality st",y,y,us,,,
29c03d39-4ea2-46c1-b853-9a0f8329e229,greenhouse,roku,"Senior Software Engineer, Agentic AI","Cambridge, United Kingdom","## Teamwork makes the stream work. ## Roku is changing how the world watches TV Roku is the #1 TV streaming platform in the U.S., Canada, and Mexico, and we've set our sights on powering every television in the world. Roku pioneered streaming to the TV. Our mission is to be the TV streaming platform that connects the entire TV ecosystem. We connect consumers to the content they love, enable cont",n,y,non_us,,,
4ac26baa-020f-4f0d-aee5-fc9e6f7928b2,lever,aledade,Senior Software Engineer II - Ingestion AI Engineer,"Remote, United States","Within Data Ingestion at Aledade we have two major problems: 1) Scale, 2) Variability. As an Ingestion AI Engineer at Aledade, you will be focused on the variability problem. Leveraging cutting edge AI tools you will design systems that handle the variability of data received from external sources. Within healthcare, while there are format standards, they are loosely followed and in many cases for",y,y,us,,,
61dba2d1-d0ff-41a5-8d59-6ea644337e82,greenhouse,prolificacademicltd,"France Residents - Survey Participants - Nîmes, France",Remote,"## Survey Participants - France ## About Prolific Prolific is not just another player in the AI space – we are building the biggest pool of quality human data in the world. Over 35,000 AI developers, researchers, and organizations use Prolific to gather data from paid study participants with a wide variety of experiences, knowledge, and skills. ## The role We are looking for Study Participant",n,n,non_us,,,
9b8017c1-497b-4b53-becd-cfcdb0c1c8e9,greenhouse,pedsplustemplate,Pediatrics Plus Hiring Event,"Arkansas, United States",,n,n,us,,,
d48c949c-ca85-43d3-a5ba-9294a063fde8,ashby,solace,Associate Data Analyst (College Grad 2027),"Redwood City, CA","## About Solace Healthcare in the U.S. is fundamentally broken. The system is so complex that 88% of U.S. adults do not have the health literacy necessary to navigate it without help. Solace cuts through the red tape of healthcare by pairing patients with expert advocates and giving them the tools to make better decisions—and get better outcomes. We're a Series C startup, founded in 2022 and bac",y,n,us,,,
e92bfb22-df49-4748-b05b-800248087431,greenhouse,virtru,Senior Full Stack Engineer,"Washington, DC - Remote","## About Virtru: While the rest of the security industry obsesses over locking data down to prevent it from being lost or stolen, we're doing something fundamentally different at Virtru. We're setting data free so that you can intentionally share it with others, but without sacrificing security, privacy, or control. We've created both a suite of powerful data protection applications and an open",y,y,us,,,
2455d94a-36e5-42ad-88a4-c4d88052e9fc,greenhouse,vast,"Mechanical Engineer I, Avionics, Haven","Long Beach, California, United States","Vast is developing next-generation space stations and space infrastructure using an incremental, hardware-rich, and low-cost approach. Vast is rapidly developing its multi-module Haven Station to ensure a continuous human presence in space for America and its allies, enabling advanced microgravity research and manufacturing, and unlocking a new space economy for government, corporate, and private",n,n,us,,,
6d05ea4d-a24e-4433-9000-fa2c1f95b8c4,lever,system1,Lead Product Manager - AI Agents & Emerging Products,"Los Angeles, CA","System1 is building the next generation of AI Agent–powered consumer products — and we’re looking for a Lead Product Manager to take the helm. You’ll drive our most ambitious AI initiatives from concept to commercialization, blending hands-on product incubation with P&L ownership. This is a high-visibility, entrepreneurial role for a hands-on builder who can validate fast, ship prototypes, and gro",n,y,us,,,
c610a518-41b8-4dbd-b4d1-f3c09395bf13,workday,capitalone.wd12.myworkdayjobs.com|capitalone|Capital_One,"Principal Associate, Data Scientist - People Strategy & Analytics","McLean, VA","Data is at the center of everything we do. As a startup, we disrupted the credit card industry by individually personalizing every credit card offer using statistical modeling and the relational database, cutting edge technology in 1988! Fast-forward a few years, and this little innovation and our passion for data has skyrocketed us to a Fortune 200 company and a leader in the world of data-driven",y,y,us,,,
23cd9113-0f8c-411e-8f5d-7d7e17a9da08,greenhouse,trace3,Regional Principal Security Solutions Architect | Wiz/PAN/CrowdStrike (Remote),"Irvine, CA, United States","Who is Trace3 ? Trace3 is a leading Transformative IT Authority, providing unique technology solutions and consulting services to our clients. Equipped with elite engineering and dynamic innovation, we empower IT executives and their organizations to achieve competitive advantage through a process of Integrate, Automate, Innovate. Our culture at Trace3 embodies the spirit of a startup with the a",y,y,us,,,
f118b5eb-43dc-4176-af46-3d72cb7c6733,greenhouse,speechify,"Software Engineer, Data Infrastructure & Acquisition - Hamburg, Germany","Hamburg, Germany","The mission of Speechify is to make sure that reading is never a barrier to learning. Over 50 million people use Speechify’s text-to-speech products to turn whatever they’re reading – PDFs, books, Google Docs, news articles, websites – into audio, so they can read faster, read more, and remember more. Speechify’s text-to-speech reading products include its iOS app, Android App, Mac App, Chrome Ex",y,n,non_us,,,
ca557827-57ea-4dc6-8601-655ed88142c0,greenhouse,heygen,"Tech Lead, AI Compute Infrastructure","Los Angeles, Palo Alto, San Francisco, Toronto, Singapore","## About HeyGen At HeyGen, our mission is to make visual storytelling accessible to all. Over the last decade, visual content has become the preferred method of information creation, consumption, and retention. But the ability to create such content, in particular videos, continues to be costly and challenging to scale. Our ambition is to build technology that equips more people with the power to",y,y,unknown,,,Locations span US and non-US; excerpt does not establish a single work location.
2009d5d4-3562-41ed-8a22-efc961b79cfb,lever,usasurveyjob,Work at Home Data Entry Agent - Part Time,"Newmarket, Ontario","Earn at Home by Taking Polls - Data Entry Clerk - Customer Service Rep - Work at Home & Part Time We are looking for people nationwide to participate in polls - Apply ASAP! We offer you the opportunity to earn extra income from home (teleworking) and also to decide your own participation schedule. At this job, you will be performing various tasks such as data entry, performing email response, re",n,n,non_us,,,
d7baa94e-8f31-42c4-a7aa-6bc6567a88f0,ashby,twelve-labs,Business Systems & Analytics Lead,San Francisco,"## Who we are Video is 90% of the world's data. Most of it is invisible to machines. TwelveLabs builds the intelligence layer to change that. Our multimodal AI models understand video the way humans do — across sight, sound, and motion — and power production-scale AI workloads across media, entertainment, sports, security, and government. We have raised more than $210 million from NEA, Radical V",n,y,us,,,
8bec9254-7957-40af-b6d4-6361959f435f,greenhouse,stateroadah,"Relief Veterinarian - Alma, MI - Consistent Mondays","Alma, Michigan, United States","## Relief Veterinarian Opportunity | Alma, MI State Road Animal Hospital has been a trusted part of the Alma community for over 60 years. What began as a humble, one-doctor practice with a wood stove has grown into a modern, multi-doctor hospital offering a variety of veterinary services. We are looking for a relief veterinarian to join us on Mondays for the foreseeable future. You’ll work with",n,n,us,,,
708dd0e1-56c2-4b91-b769-dccdfa3e10d2,ashby,openai,Academic Research Partnerships & Programs Lead,San Francisco,"## About the role We are building a higher education researcher motion that helps funded labs adopt OpenAI across core research workflows. This role will develop relationships with principal investigators, researchers, research software engineers, research computing teams, and university technology leaders, then translate high-value use cases into sustained Pro, Codex, API, and ChatGPT Edu usage.",n,y,us,,,
db98515d-d588-448b-8c58-cf33dae4bc09,greenhouse,simpsongumpertzheger,"Consulting Engineer, Building Technology","Waltham, Massachusetts, United States","## Do you want to help engineer what’s next? Simpson Gumpertz & Heger (SGH) is a national engineering firm committed to delivering holistic advice for our clients’ most complex challenges. We leverage our collective and diverse experience, technical expertise, and industry knowledge of structures and building enclosures, advanced analysis, performance & code consulting, and applied science & rese",n,n,us,,,
4bdc916a-f4de-4136-b5ee-ea6abd951c93,lever,provectus,"Associate Go to Market (GTM) Partnerships & Alliances Manager – AI Consulting Solutions (AWS, Anthropic partner)","Philadelphia, Pennsylvania","We’re seeking an energetic Business Development Manager to join our growing team and help drive market expansion. This is a hunter-oriented role focused on developing pipeline, generating new opportunities, and engaging with mid-market and enterprise prospects. You’ll work closely with leadership but operate with autonomy — this hire is for someone who proactively finds and closes opportunities ra",n,y,us,,,
8899fc79-9d5e-49c5-b70f-85d17488ff6d,workday,capitalone.wd12.myworkdayjobs.com|capitalone|Capital_One,Lead Software Development Engineer - Services,"London, Eng","## About this role Capital One’s mission is to change banking for good by bringing humanity, ingenuity and simplicity to banking. Sitting at the core of such values is our Software Engineering department whose primary role is to be an enabler of our ambitions. Capital One is looking for a Senior Software Development Engineer to join a backend team, based in our London office on a hybrid basis.",y,y,non_us,,,
58cc02c1-7540-4e25-9672-01cad5d34537,greenhouse,eh2,Staff Project Manager - Spain,"Remote, Europe","Electric Hydrogen’s mission is to decarbonize our world! Our outstanding people deliver creative decarbonization energy solutions to our customers. We are seeking a Staff Project Manager to lead the execution of our European electrolysis plant projects. We are looking for an experienced technical leader who is seeking a challenge and wants to make a major impact. In this role, you will serve as",n,y,non_us,,,
09d1e118-0a39-46b2-a489-00537cfb71d4,lever,usasurveyjob,Part Time Data Entry Clerk - Survey Panelist,"Corrientes, Corrientes","Earn from Home Panelist Program - Customer Service Rep - Data Entry Clerk - Work from Home & Part-time We are currently trying to find on-line assistance in our work from home Panelist Program. This is a legitimate opportunity for somebody who enjoys sharing viewpoints regarding products, services and trends in todays market area. As a Team Member, you will be doing numerous jobs such as online d",n,n,us,,,
6dcf976c-18c9-44e0-9cb3-94b0aceb0fad,greenhouse,quberesearchandtechnologies,"2027 – Graduate or Internship, Infrastructure Engineer ","London, Paris","EMEA 2027 – Graduate or Internship, Infrastructure Engineer Location: London, Paris Programme duration: 3–6-month internship, 12-month industrial placement or graduate position Who qualifies: Penultimate or final-year students completing a bachelor’s or master’s degree Qube Research & Technologies (QRT) is a global quantitative and systematic investment manager operating across liquid asset c",y,n,non_us,,,
45411e7b-90c2-4a97-a1e6-2496ede45d05,greenhouse,coalition,"Senior Software Engineer, Underwriting","Any location, Canada","## About us Coalition is the world's first Active Insurance provider designed to help prevent digital risk before it strikes. Founded in 2017, Coalition combines comprehensive insurance coverage and innovative cybersecurity tools to help businesses manage and mitigate potential cyberattacks. Opportunities to make an impact with bold thinking are real—and happening daily at Coalition. ## About t",y,y,non_us,,,
598ad9ad-5dff-47cd-bc21-1c11c1bdf594,lever,oowlish,Full Stack Engineer (Vue + Nest),"Brasília, Federal District, Brazil","## Join Our Team Oowlish, one of Latin America's rapidly expanding software development companies, is seeking experienced technology professionals to enhance our diverse and vibrant team. As a valued member of Oowlish, you will collaborate with premier clients from the United States and Europe, contributing to pioneering digital solutions. Our commitment to creating a nurturing work environment",y,n,non_us,,,
67594eba-85b4-4efb-a3b9-7cebf4506817,greenhouse,codeandtheory,"Engineer, AEM Back-end (India)","Bengaluru, Karnataka, India","We are seeking a motivated AEM Junior Developer to support development and maintenance of Adobe Experience Manager applications. The candidate will work with senior developers and architects to build components, troubleshoot issues, and participate in cloud deployments and modern AI-assisted development workflows. This role is ideal for developers looking to grow expertise in AEM, Java developmen",y,n,non_us,,,
53bcb5dc-7661-4b08-adb5-5304a21f293b,greenhouse,ripple,Staff Full-Stack Software Engineer (.NET & Azure),"Chicago, Illinois, United States","At Ripple, we’re building a world where value moves like information does today. It’s big, it’s bold, and we’re already doing it. Through our crypto solutions for financial institutions, businesses, governments and developers, we are improving the global financial system and creating greater economic fairness and opportunity for more people, in more places around the world. And we get to do the be",y,y,us,,,
58368ac7-9468-4189-aeb8-3e258635469a,greenhouse,altentechnologyusa,Systems Engineer (Ref. L-2619),"Greensboro, NC","We’re ALTEN Technology USA, an engineering company helping clients bring groundbreaking ideas to life—from advancing space exploration and life-saving medical devices to building autonomous electric vehicles. With 3,000+ experts across North America, we partner with leading companies in aerospace, medical devices, robotics, automotive, commercial vehicles, EVs, rail, and more. As part of the glob",y,n,us,,,Systems engineering discipline is not specified.
6f290612-ac96-4bbf-80d3-eceb15f0ca06,greenhouse,samsungsemiconductor,"Staff Engineer, Thermal","San Jose, California, United States","Please Note: To provide the best candidate experience amidst our high application volumes, each candidate is limited to 10 applications across all open jobs within a 6-month period. Advancing the World’s Technology Together Our technology solutions power the tools you use every day--including smartphones, electric vehicles, hyperscale data centers, IoT devices, and so much more. Here, you’ll ha",n,y,us,,,
b3a0db52-7d0d-4c04-89d1-10284607b4c7,ashby,blackbox-strategies,HubSpot Solutions Architect,Remote,"## HubSpot Solutions Architect (Contract) ## Overview We’re seeking a senior HubSpot contractor to lead a one-time, end-to-end implementation of HubSpot across CRM, Marketing, Sales, and Service Hubs. This role owns platform architecture, configuration, automation, and handoff to a production-ready state. You will work closely with internal stakeholders and the client to design and deploy a sca",y,y,unknown,,,"HubSpot implementation architecture is technical configuration, not software engineering."
9b74d0a3-90f3-4e47-877b-da340746db30,greenhouse,andurilindustries,"Financial Analyst II, Connected Warfare","Costa Mesa, California, United States; Seattle, Washington, United States; Washington, District of Columbia, United States","Anduril Industries is a defense technology company with a mission to transform U.S. and allied military capabilities with advanced technology. By bringing the expertise, technology, and business model of the 21st century’s most innovative companies to the defense industry, Anduril is changing how military systems are designed, built and sold. Anduril’s family of systems is powered by Lattice OS, a",n,y,us,,,
3a7ba31f-108b-4cc8-9b6f-d1c8c4e7c51e,lever,cgsfederal,Auditor,"Boston, MA","Auditor Employment Type: Full-Time, Mid-Level Department: Financial CGS is seeking a highly skilled Auditor to provide general auditing and accounting services in support of fraud investigations involving potentially complex financial transactions and complex organizations attempting to evade detection. The ideal candidate will develop, coordinate, and draft technical audit guidelines, is profi",n,n,us,,,
3567d2f9-a48b-43fd-aed3-2d750b7c910d,greenhouse,canonical,Software Architect - Containers / Virtualisation,Home Based - Americas; Home based - EMEA,"Canonical is a leading provider of open source software and operating systems to the global enterprise and technology markets. Our platform, Ubuntu, is very widely used in breakthrough enterprise initiatives such as public cloud, data science, AI, engineering innovation and IoT. Our customers include the world's leading public cloud and silicon providers, and industry leaders in many sectors. The",y,n,unknown,,,
